[2026-01-30T20:59:01.793+0000] {manager.py:469} INFO - Processing files using up to 2 processes at a time 
[2026-01-30T20:59:01.794+0000] {manager.py:470} INFO - Process each file at most once every 30 seconds
[2026-01-30T20:59:01.795+0000] {manager.py:471} INFO - Checking for new files in /opt/airflow/dags every 300 seconds
[2026-01-30T20:59:01.796+0000] {manager.py:738} INFO - Searching for files in /opt/airflow/dags
[2026-01-30T20:59:01.804+0000] {manager.py:741} INFO - There are 1 files in /opt/airflow/dags
[2026-01-30T20:59:02.135+0000] {manager.py:879} INFO - 
================================================================================
DAG File Processing Stats

File Path                           PID  Runtime      # DAGs    # Errors  Last Runtime    Last Run
--------------------------------  -----  ---------  --------  ----------  --------------  ----------
/opt/airflow/dags/DAG_urbania.py    198  0.04s             0           0
================================================================================
[2026-01-30T20:59:33.812+0000] {manager.py:879} INFO - 
================================================================================
DAG File Processing Stats

File Path                         PID    Runtime      # DAGs    # Errors  Last Runtime    Last Run
--------------------------------  -----  ---------  --------  ----------  --------------  -------------------
/opt/airflow/dags/DAG_urbania.py                           1           0  0.23s           2026-01-30T20:59:32
================================================================================
[2026-01-30T21:00:05.330+0000] {manager.py:879} INFO - 
================================================================================
DAG File Processing Stats

File Path                         PID    Runtime      # DAGs    # Errors  Last Runtime    Last Run
--------------------------------  -----  ---------  --------  ----------  --------------  -------------------
/opt/airflow/dags/DAG_urbania.py                           1           0  0.16s           2026-01-30T21:00:03
================================================================================
[2026-01-30T21:00:36.992+0000] {manager.py:879} INFO - 
================================================================================
DAG File Processing Stats

File Path                         PID    Runtime      # DAGs    # Errors  Last Runtime    Last Run
--------------------------------  -----  ---------  --------  ----------  --------------  -------------------
/opt/airflow/dags/DAG_urbania.py                           1           0  0.14s           2026-01-30T21:00:34
================================================================================
[2026-01-30T21:01:08.568+0000] {manager.py:879} INFO - 
================================================================================
DAG File Processing Stats

File Path                         PID    Runtime      # DAGs    # Errors  Last Runtime    Last Run
--------------------------------  -----  ---------  --------  ----------  --------------  -------------------
/opt/airflow/dags/DAG_urbania.py                           1           0  0.16s           2026-01-30T21:01:04
================================================================================
[2026-01-30T21:01:40.216+0000] {manager.py:879} INFO - 
================================================================================
DAG File Processing Stats

File Path                         PID    Runtime      # DAGs    # Errors  Last Runtime    Last Run
--------------------------------  -----  ---------  --------  ----------  --------------  -------------------
/opt/airflow/dags/DAG_urbania.py                           1           0  0.14s           2026-01-30T21:01:35
================================================================================
[2026-01-30T21:02:11.757+0000] {manager.py:879} INFO - 
================================================================================
DAG File Processing Stats

File Path                         PID    Runtime      # DAGs    # Errors  Last Runtime    Last Run
--------------------------------  -----  ---------  --------  ----------  --------------  -------------------
/opt/airflow/dags/DAG_urbania.py                           1           0  0.13s           2026-01-30T21:02:05
================================================================================
[2026-01-30T21:02:43.380+0000] {manager.py:879} INFO - 
================================================================================
DAG File Processing Stats

File Path                         PID    Runtime      # DAGs    # Errors  Last Runtime    Last Run
--------------------------------  -----  ---------  --------  ----------  --------------  -------------------
/opt/airflow/dags/DAG_urbania.py                           1           0  0.16s           2026-01-30T21:02:36
================================================================================
[2026-01-30T21:03:15.043+0000] {manager.py:879} INFO - 
================================================================================
DAG File Processing Stats

File Path                         PID    Runtime      # DAGs    # Errors  Last Runtime    Last Run
--------------------------------  -----  ---------  --------  ----------  --------------  -------------------
/opt/airflow/dags/DAG_urbania.py                           1           0  0.16s           2026-01-30T21:03:07
================================================================================
[2026-01-30T21:03:46.654+0000] {manager.py:879} INFO - 
================================================================================
DAG File Processing Stats

File Path                         PID    Runtime      # DAGs    # Errors  Last Runtime    Last Run
--------------------------------  -----  ---------  --------  ----------  --------------  -------------------
/opt/airflow/dags/DAG_urbania.py                           1           0  0.13s           2026-01-30T21:03:37
================================================================================
[2026-01-30T21:04:03.092+0000] {manager.py:738} INFO - Searching for files in /opt/airflow/dags
[2026-01-30T21:04:03.106+0000] {manager.py:741} INFO - There are 1 files in /opt/airflow/dags
[2026-01-30T21:04:18.197+0000] {manager.py:879} INFO - 
================================================================================
DAG File Processing Stats

File Path                         PID    Runtime      # DAGs    # Errors  Last Runtime    Last Run
--------------------------------  -----  ---------  --------  ----------  --------------  -------------------
/opt/airflow/dags/DAG_urbania.py                           1           0  0.13s           2026-01-30T21:04:08
================================================================================
[2026-01-30T21:04:49.832+0000] {manager.py:879} INFO - 
================================================================================
DAG File Processing Stats

File Path                         PID    Runtime      # DAGs    # Errors  Last Runtime    Last Run
--------------------------------  -----  ---------  --------  ----------  --------------  -------------------
/opt/airflow/dags/DAG_urbania.py                           1           0  0.14s           2026-01-30T21:04:38
================================================================================
[2026-01-30T21:05:21.433+0000] {manager.py:879} INFO - 
================================================================================
DAG File Processing Stats

File Path                         PID    Runtime      # DAGs    # Errors  Last Runtime    Last Run
--------------------------------  -----  ---------  --------  ----------  --------------  -------------------
/opt/airflow/dags/DAG_urbania.py                           1           0  0.14s           2026-01-30T21:05:09
================================================================================
[2026-01-30T21:05:53.059+0000] {manager.py:879} INFO - 
================================================================================
DAG File Processing Stats

File Path                         PID    Runtime      # DAGs    # Errors  Last Runtime    Last Run
--------------------------------  -----  ---------  --------  ----------  --------------  -------------------
/opt/airflow/dags/DAG_urbania.py                           1           0  0.14s           2026-01-30T21:05:40
================================================================================
[2026-01-30T21:06:24.605+0000] {manager.py:879} INFO - 
================================================================================
DAG File Processing Stats

File Path                         PID    Runtime      # DAGs    # Errors  Last Runtime    Last Run
--------------------------------  -----  ---------  --------  ----------  --------------  -------------------
/opt/airflow/dags/DAG_urbania.py                           1           0  0.15s           2026-01-30T21:06:10
================================================================================
[2026-01-30T21:06:56.265+0000] {manager.py:879} INFO - 
================================================================================
DAG File Processing Stats

File Path                         PID    Runtime      # DAGs    # Errors  Last Runtime    Last Run
--------------------------------  -----  ---------  --------  ----------  --------------  -------------------
/opt/airflow/dags/DAG_urbania.py                           1           0  0.15s           2026-01-30T21:06:41
================================================================================
[2026-01-30T21:07:27.914+0000] {manager.py:879} INFO - 
================================================================================
DAG File Processing Stats

File Path                         PID    Runtime      # DAGs    # Errors  Last Runtime    Last Run
--------------------------------  -----  ---------  --------  ----------  --------------  -------------------
/opt/airflow/dags/DAG_urbania.py                           1           0  0.15s           2026-01-30T21:07:11
================================================================================
[2026-01-30T21:07:59.552+0000] {manager.py:879} INFO - 
================================================================================
DAG File Processing Stats

File Path                         PID    Runtime      # DAGs    # Errors  Last Runtime    Last Run
--------------------------------  -----  ---------  --------  ----------  --------------  -------------------
/opt/airflow/dags/DAG_urbania.py                           1           0  0.15s           2026-01-30T21:07:43
================================================================================
[2026-01-30T21:08:31.107+0000] {manager.py:879} INFO - 
================================================================================
DAG File Processing Stats

File Path                         PID    Runtime      # DAGs    # Errors  Last Runtime    Last Run
--------------------------------  -----  ---------  --------  ----------  --------------  -------------------
/opt/airflow/dags/DAG_urbania.py                           1           0  0.15s           2026-01-30T21:08:14
================================================================================
[2026-01-30T21:09:02.790+0000] {manager.py:879} INFO - 
================================================================================
DAG File Processing Stats

File Path                         PID    Runtime      # DAGs    # Errors  Last Runtime    Last Run
--------------------------------  -----  ---------  --------  ----------  --------------  -------------------
/opt/airflow/dags/DAG_urbania.py                           1           0  0.17s           2026-01-30T21:08:45
================================================================================
[2026-01-30T21:09:03.794+0000] {manager.py:738} INFO - Searching for files in /opt/airflow/dags
[2026-01-30T21:09:03.808+0000] {manager.py:741} INFO - There are 1 files in /opt/airflow/dags
[2026-01-30T21:09:34.424+0000] {manager.py:879} INFO - 
================================================================================
DAG File Processing Stats

File Path                         PID    Runtime      # DAGs    # Errors  Last Runtime    Last Run
--------------------------------  -----  ---------  --------  ----------  --------------  -------------------
/opt/airflow/dags/DAG_urbania.py                           1           0  0.14s           2026-01-30T21:09:17
================================================================================
[2026-01-30T21:10:06.081+0000] {manager.py:879} INFO - 
================================================================================
DAG File Processing Stats

File Path                         PID    Runtime      # DAGs    # Errors  Last Runtime    Last Run
--------------------------------  -----  ---------  --------  ----------  --------------  -------------------
/opt/airflow/dags/DAG_urbania.py                           1           0  0.15s           2026-01-30T21:09:49
================================================================================
[2026-01-30T21:10:37.646+0000] {manager.py:879} INFO - 
================================================================================
DAG File Processing Stats

File Path                         PID    Runtime      # DAGs    # Errors  Last Runtime    Last Run
--------------------------------  -----  ---------  --------  ----------  --------------  -------------------
/opt/airflow/dags/DAG_urbania.py                           1           0  0.20s           2026-01-30T21:10:20
================================================================================
[2026-01-30T21:11:09.224+0000] {manager.py:879} INFO - 
================================================================================
DAG File Processing Stats

File Path                         PID    Runtime      # DAGs    # Errors  Last Runtime    Last Run
--------------------------------  -----  ---------  --------  ----------  --------------  -------------------
/opt/airflow/dags/DAG_urbania.py                           1           0  0.15s           2026-01-30T21:10:51
================================================================================
[2026-01-30T21:11:40.940+0000] {manager.py:879} INFO - 
================================================================================
DAG File Processing Stats

File Path                         PID    Runtime      # DAGs    # Errors  Last Runtime    Last Run
--------------------------------  -----  ---------  --------  ----------  --------------  -------------------
/opt/airflow/dags/DAG_urbania.py                           1           0  0.14s           2026-01-30T21:11:22
================================================================================
[2026-01-30T21:12:12.524+0000] {manager.py:879} INFO - 
================================================================================
DAG File Processing Stats

File Path                         PID    Runtime      # DAGs    # Errors  Last Runtime    Last Run
--------------------------------  -----  ---------  --------  ----------  --------------  -------------------
/opt/airflow/dags/DAG_urbania.py                           1           0  0.14s           2026-01-30T21:11:54
================================================================================
[2026-01-30T21:12:44.174+0000] {manager.py:879} INFO - 
================================================================================
DAG File Processing Stats

File Path                         PID    Runtime      # DAGs    # Errors  Last Runtime    Last Run
--------------------------------  -----  ---------  --------  ----------  --------------  -------------------
/opt/airflow/dags/DAG_urbania.py                           1           0  0.14s           2026-01-30T21:12:26
================================================================================
[2026-01-30T21:13:15.784+0000] {manager.py:879} INFO - 
================================================================================
DAG File Processing Stats

File Path                         PID    Runtime      # DAGs    # Errors  Last Runtime    Last Run
--------------------------------  -----  ---------  --------  ----------  --------------  -------------------
/opt/airflow/dags/DAG_urbania.py                           1           0  0.13s           2026-01-30T21:12:57
================================================================================
[2026-01-30T21:13:47.622+0000] {manager.py:879} INFO - 
================================================================================
DAG File Processing Stats

File Path                         PID    Runtime      # DAGs    # Errors  Last Runtime    Last Run
--------------------------------  -----  ---------  --------  ----------  --------------  -------------------
/opt/airflow/dags/DAG_urbania.py                           0           1  0.10s           2026-01-30T21:13:44
================================================================================
[2026-01-30T21:14:04.118+0000] {manager.py:738} INFO - Searching for files in /opt/airflow/dags
[2026-01-30T21:14:04.129+0000] {manager.py:741} INFO - There are 1 files in /opt/airflow/dags
[2026-01-30T21:14:19.258+0000] {manager.py:879} INFO - 
================================================================================
DAG File Processing Stats

File Path                         PID    Runtime      # DAGs    # Errors  Last Runtime    Last Run
--------------------------------  -----  ---------  --------  ----------  --------------  -------------------
/opt/airflow/dags/DAG_urbania.py                           0           1  0.12s           2026-01-30T21:14:12
================================================================================
[2026-01-30T21:14:50.872+0000] {manager.py:879} INFO - 
================================================================================
DAG File Processing Stats

File Path                         PID    Runtime      # DAGs    # Errors  Last Runtime    Last Run
--------------------------------  -----  ---------  --------  ----------  --------------  -------------------
/opt/airflow/dags/DAG_urbania.py                           0           1  0.09s           2026-01-30T21:14:42
================================================================================
[2026-01-30T21:15:22.482+0000] {manager.py:879} INFO - 
================================================================================
DAG File Processing Stats

File Path                         PID    Runtime      # DAGs    # Errors  Last Runtime    Last Run
--------------------------------  -----  ---------  --------  ----------  --------------  -------------------
/opt/airflow/dags/DAG_urbania.py                           0           1  0.09s           2026-01-30T21:15:13
================================================================================
[2026-01-30T21:15:54.152+0000] {manager.py:879} INFO - 
================================================================================
DAG File Processing Stats

File Path                         PID    Runtime      # DAGs    # Errors  Last Runtime    Last Run
--------------------------------  -----  ---------  --------  ----------  --------------  -------------------
/opt/airflow/dags/DAG_urbania.py                           0           1  0.09s           2026-01-30T21:15:44
================================================================================
[2026-01-30T21:16:25.745+0000] {manager.py:879} INFO - 
================================================================================
DAG File Processing Stats

File Path                         PID    Runtime      # DAGs    # Errors  Last Runtime    Last Run
--------------------------------  -----  ---------  --------  ----------  --------------  -------------------
/opt/airflow/dags/DAG_urbania.py                           0           1  0.11s           2026-01-30T21:16:13
================================================================================
[2026-01-30T21:16:57.396+0000] {manager.py:879} INFO - 
================================================================================
DAG File Processing Stats

File Path                         PID    Runtime      # DAGs    # Errors  Last Runtime    Last Run
--------------------------------  -----  ---------  --------  ----------  --------------  -------------------
/opt/airflow/dags/DAG_urbania.py                           0           1  0.10s           2026-01-30T21:16:44
================================================================================
[2026-01-30T21:17:29.011+0000] {manager.py:879} INFO - 
================================================================================
DAG File Processing Stats

File Path                         PID    Runtime      # DAGs    # Errors  Last Runtime    Last Run
--------------------------------  -----  ---------  --------  ----------  --------------  -------------------
/opt/airflow/dags/DAG_urbania.py                           1           0  0.29s           2026-01-30T21:17:01
================================================================================
[2026-01-30T21:18:00.762+0000] {manager.py:879} INFO - 
================================================================================
DAG File Processing Stats

File Path                         PID    Runtime      # DAGs    # Errors  Last Runtime    Last Run
--------------------------------  -----  ---------  --------  ----------  --------------  -------------------
/opt/airflow/dags/DAG_urbania.py                           1           0  0.15s           2026-01-30T21:17:31
================================================================================
[2026-01-30T21:18:32.511+0000] {manager.py:879} INFO - 
================================================================================
DAG File Processing Stats

File Path                           PID  Runtime      # DAGs    # Errors  Last Runtime    Last Run
--------------------------------  -----  ---------  --------  ----------  --------------  -------------------
/opt/airflow/dags/DAG_urbania.py    405  0.00s             1           0  0.20s           2026-01-30T21:18:01
================================================================================
[2026-01-30T21:19:04.206+0000] {manager.py:738} INFO - Searching for files in /opt/airflow/dags
[2026-01-30T21:19:04.223+0000] {manager.py:741} INFO - There are 1 files in /opt/airflow/dags
[2026-01-30T21:19:04.238+0000] {manager.py:879} INFO - 
================================================================================
DAG File Processing Stats

File Path                         PID    Runtime      # DAGs    # Errors  Last Runtime    Last Run
--------------------------------  -----  ---------  --------  ----------  --------------  -------------------
/opt/airflow/dags/DAG_urbania.py                           1           0  0.14s           2026-01-30T21:19:03
================================================================================
[2026-01-30T21:19:35.895+0000] {manager.py:879} INFO - 
================================================================================
DAG File Processing Stats

File Path                         PID    Runtime      # DAGs    # Errors  Last Runtime    Last Run
--------------------------------  -----  ---------  --------  ----------  --------------  -------------------
/opt/airflow/dags/DAG_urbania.py                           1           0  0.13s           2026-01-30T21:19:33
================================================================================
[2026-01-30T21:20:07.577+0000] {manager.py:879} INFO - 
================================================================================
DAG File Processing Stats

File Path                         PID    Runtime      # DAGs    # Errors  Last Runtime    Last Run
--------------------------------  -----  ---------  --------  ----------  --------------  -------------------
/opt/airflow/dags/DAG_urbania.py                           1           0  0.15s           2026-01-30T21:20:04
================================================================================
[2026-01-30T21:20:39.252+0000] {manager.py:879} INFO - 
================================================================================
DAG File Processing Stats

File Path                         PID    Runtime      # DAGs    # Errors  Last Runtime    Last Run
--------------------------------  -----  ---------  --------  ----------  --------------  -------------------
/opt/airflow/dags/DAG_urbania.py                           1           0  0.15s           2026-01-30T21:20:35
================================================================================
[2026-01-30T21:21:10.915+0000] {manager.py:879} INFO - 
================================================================================
DAG File Processing Stats

File Path                         PID    Runtime      # DAGs    # Errors  Last Runtime    Last Run
--------------------------------  -----  ---------  --------  ----------  --------------  -------------------
/opt/airflow/dags/DAG_urbania.py                           1           0  0.14s           2026-01-30T21:21:05
================================================================================
[2026-01-30T21:21:42.592+0000] {manager.py:879} INFO - 
================================================================================
DAG File Processing Stats

File Path                         PID    Runtime      # DAGs    # Errors  Last Runtime    Last Run
--------------------------------  -----  ---------  --------  ----------  --------------  -------------------
/opt/airflow/dags/DAG_urbania.py                           1           0  0.13s           2026-01-30T21:21:36
================================================================================
[2026-01-30T21:22:14.270+0000] {manager.py:879} INFO - 
================================================================================
DAG File Processing Stats

File Path                         PID    Runtime      # DAGs    # Errors  Last Runtime    Last Run
--------------------------------  -----  ---------  --------  ----------  --------------  -------------------
/opt/airflow/dags/DAG_urbania.py                           1           0  0.13s           2026-01-30T21:22:07
================================================================================
[2026-01-30T21:22:45.951+0000] {manager.py:879} INFO - 
================================================================================
DAG File Processing Stats

File Path                         PID    Runtime      # DAGs    # Errors  Last Runtime    Last Run
--------------------------------  -----  ---------  --------  ----------  --------------  -------------------
/opt/airflow/dags/DAG_urbania.py                           1           0  0.14s           2026-01-30T21:22:38
================================================================================
[2026-01-30T21:23:17.636+0000] {manager.py:879} INFO - 
================================================================================
DAG File Processing Stats

File Path                         PID    Runtime      # DAGs    # Errors  Last Runtime    Last Run
--------------------------------  -----  ---------  --------  ----------  --------------  -------------------
/opt/airflow/dags/DAG_urbania.py                           1           0  0.15s           2026-01-30T21:23:08
================================================================================
[2026-01-30T21:23:49.324+0000] {manager.py:879} INFO - 
================================================================================
DAG File Processing Stats

File Path                         PID    Runtime      # DAGs    # Errors  Last Runtime    Last Run
--------------------------------  -----  ---------  --------  ----------  --------------  -------------------
/opt/airflow/dags/DAG_urbania.py                           1           0  0.14s           2026-01-30T21:23:39
================================================================================
[2026-01-30T21:24:04.885+0000] {manager.py:738} INFO - Searching for files in /opt/airflow/dags
[2026-01-30T21:24:04.900+0000] {manager.py:741} INFO - There are 1 files in /opt/airflow/dags
[2026-01-30T21:24:21.044+0000] {manager.py:879} INFO - 
================================================================================
DAG File Processing Stats

File Path                         PID    Runtime      # DAGs    # Errors  Last Runtime    Last Run
--------------------------------  -----  ---------  --------  ----------  --------------  -------------------
/opt/airflow/dags/DAG_urbania.py                           1           0  0.14s           2026-01-30T21:24:10
================================================================================
[2026-01-30T21:24:52.729+0000] {manager.py:879} INFO - 
================================================================================
DAG File Processing Stats

File Path                         PID    Runtime      # DAGs    # Errors  Last Runtime    Last Run
--------------------------------  -----  ---------  --------  ----------  --------------  -------------------
/opt/airflow/dags/DAG_urbania.py                           1           0  0.13s           2026-01-30T21:24:40
================================================================================
[2026-01-30T21:25:24.412+0000] {manager.py:879} INFO - 
================================================================================
DAG File Processing Stats

File Path                         PID    Runtime      # DAGs    # Errors  Last Runtime    Last Run
--------------------------------  -----  ---------  --------  ----------  --------------  -------------------
/opt/airflow/dags/DAG_urbania.py                           1           0  0.14s           2026-01-30T21:25:11
================================================================================
[2026-01-30T21:25:56.130+0000] {manager.py:879} INFO - 
================================================================================
DAG File Processing Stats

File Path                         PID    Runtime      # DAGs    # Errors  Last Runtime    Last Run
--------------------------------  -----  ---------  --------  ----------  --------------  -------------------
/opt/airflow/dags/DAG_urbania.py                           1           0  0.16s           2026-01-30T21:25:42
================================================================================
[2026-01-30T21:26:27.841+0000] {manager.py:879} INFO - 
================================================================================
DAG File Processing Stats

File Path                         PID    Runtime      # DAGs    # Errors  Last Runtime    Last Run
--------------------------------  -----  ---------  --------  ----------  --------------  -------------------
/opt/airflow/dags/DAG_urbania.py                           1           0  0.13s           2026-01-30T21:26:12
================================================================================
[2026-01-30T21:26:59.538+0000] {manager.py:879} INFO - 
================================================================================
DAG File Processing Stats

File Path                         PID    Runtime      # DAGs    # Errors  Last Runtime    Last Run
--------------------------------  -----  ---------  --------  ----------  --------------  -------------------
/opt/airflow/dags/DAG_urbania.py                           1           0  0.14s           2026-01-30T21:26:43
================================================================================
[2026-01-30T21:27:31.236+0000] {manager.py:879} INFO - 
================================================================================
DAG File Processing Stats

File Path                         PID    Runtime      # DAGs    # Errors  Last Runtime    Last Run
--------------------------------  -----  ---------  --------  ----------  --------------  -------------------
/opt/airflow/dags/DAG_urbania.py                           1           0  0.26s           2026-01-30T21:27:14
================================================================================
[2026-01-30T21:28:02.906+0000] {manager.py:879} INFO - 
================================================================================
DAG File Processing Stats

File Path                         PID    Runtime      # DAGs    # Errors  Last Runtime    Last Run
--------------------------------  -----  ---------  --------  ----------  --------------  -------------------
/opt/airflow/dags/DAG_urbania.py                           1           0  0.15s           2026-01-30T21:27:44
================================================================================
[2026-01-30T21:28:34.697+0000] {manager.py:879} INFO - 
================================================================================
DAG File Processing Stats

File Path                         PID    Runtime      # DAGs    # Errors  Last Runtime    Last Run
--------------------------------  -----  ---------  --------  ----------  --------------  -------------------
/opt/airflow/dags/DAG_urbania.py                           1           0  0.14s           2026-01-30T21:28:15
================================================================================
[2026-01-30T21:29:05.376+0000] {manager.py:738} INFO - Searching for files in /opt/airflow/dags
[2026-01-30T21:29:05.392+0000] {manager.py:741} INFO - There are 1 files in /opt/airflow/dags
[2026-01-30T21:29:06.407+0000] {manager.py:879} INFO - 
================================================================================
DAG File Processing Stats

File Path                         PID    Runtime      # DAGs    # Errors  Last Runtime    Last Run
--------------------------------  -----  ---------  --------  ----------  --------------  -------------------
/opt/airflow/dags/DAG_urbania.py                           1           0  0.14s           2026-01-30T21:28:46
================================================================================
[2026-01-30T21:29:38.106+0000] {manager.py:879} INFO - 
================================================================================
DAG File Processing Stats

File Path                         PID    Runtime      # DAGs    # Errors  Last Runtime    Last Run
--------------------------------  -----  ---------  --------  ----------  --------------  -------------------
/opt/airflow/dags/DAG_urbania.py                           1           0  0.14s           2026-01-30T21:29:17
================================================================================
[2026-01-30T21:30:09.840+0000] {manager.py:879} INFO - 
================================================================================
DAG File Processing Stats

File Path                         PID    Runtime      # DAGs    # Errors  Last Runtime    Last Run
--------------------------------  -----  ---------  --------  ----------  --------------  -------------------
/opt/airflow/dags/DAG_urbania.py                           1           0  0.15s           2026-01-30T21:29:47
================================================================================
[2026-01-30T21:30:41.592+0000] {manager.py:879} INFO - 
================================================================================
DAG File Processing Stats

File Path                         PID    Runtime      # DAGs    # Errors  Last Runtime    Last Run
--------------------------------  -----  ---------  --------  ----------  --------------  -------------------
/opt/airflow/dags/DAG_urbania.py                           1           0  0.13s           2026-01-30T21:30:18
================================================================================
[2026-01-30T21:31:13.289+0000] {manager.py:879} INFO - 
================================================================================
DAG File Processing Stats

File Path                         PID    Runtime      # DAGs    # Errors  Last Runtime    Last Run
--------------------------------  -----  ---------  --------  ----------  --------------  -------------------
/opt/airflow/dags/DAG_urbania.py                           1           0  0.14s           2026-01-30T21:30:49
================================================================================
[2026-01-30T21:31:45.016+0000] {manager.py:879} INFO - 
================================================================================
DAG File Processing Stats

File Path                         PID    Runtime      # DAGs    # Errors  Last Runtime    Last Run
--------------------------------  -----  ---------  --------  ----------  --------------  -------------------
/opt/airflow/dags/DAG_urbania.py                           1           0  0.13s           2026-01-30T21:31:19
================================================================================
[2026-01-30T21:32:16.788+0000] {manager.py:879} INFO - 
================================================================================
DAG File Processing Stats

File Path                         PID    Runtime      # DAGs    # Errors  Last Runtime    Last Run
--------------------------------  -----  ---------  --------  ----------  --------------  -------------------
/opt/airflow/dags/DAG_urbania.py                           1           0  0.15s           2026-01-30T21:31:50
================================================================================
[2026-01-30T21:32:48.590+0000] {manager.py:879} INFO - 
================================================================================
DAG File Processing Stats

File Path                         PID    Runtime      # DAGs    # Errors  Last Runtime    Last Run
--------------------------------  -----  ---------  --------  ----------  --------------  -------------------
/opt/airflow/dags/DAG_urbania.py                           1           0  0.15s           2026-01-30T21:32:22
================================================================================
[2026-01-30T21:33:20.270+0000] {manager.py:879} INFO - 
================================================================================
DAG File Processing Stats

File Path                         PID    Runtime      # DAGs    # Errors  Last Runtime    Last Run
--------------------------------  -----  ---------  --------  ----------  --------------  -------------------
/opt/airflow/dags/DAG_urbania.py                           1           0  0.14s           2026-01-30T21:32:54
================================================================================
[2026-01-30T21:33:52.032+0000] {manager.py:879} INFO - 
================================================================================
DAG File Processing Stats

File Path                         PID    Runtime      # DAGs    # Errors  Last Runtime    Last Run
--------------------------------  -----  ---------  --------  ----------  --------------  -------------------
/opt/airflow/dags/DAG_urbania.py                           1           0  0.15s           2026-01-30T21:33:25
================================================================================
[2026-01-30T21:34:05.741+0000] {manager.py:738} INFO - Searching for files in /opt/airflow/dags
[2026-01-30T21:34:05.755+0000] {manager.py:741} INFO - There are 1 files in /opt/airflow/dags
[2026-01-30T21:34:23.844+0000] {manager.py:879} INFO - 
================================================================================
DAG File Processing Stats

File Path                         PID    Runtime      # DAGs    # Errors  Last Runtime    Last Run
--------------------------------  -----  ---------  --------  ----------  --------------  -------------------
/opt/airflow/dags/DAG_urbania.py                           1           0  0.13s           2026-01-30T21:33:57
================================================================================
[2026-01-30T21:34:55.569+0000] {manager.py:879} INFO - 
================================================================================
DAG File Processing Stats

File Path                         PID    Runtime      # DAGs    # Errors  Last Runtime    Last Run
--------------------------------  -----  ---------  --------  ----------  --------------  -------------------
/opt/airflow/dags/DAG_urbania.py                           1           0  0.13s           2026-01-30T21:34:28
================================================================================
[2026-01-30T21:35:27.335+0000] {manager.py:879} INFO - 
================================================================================
DAG File Processing Stats

File Path                         PID    Runtime      # DAGs    # Errors  Last Runtime    Last Run
--------------------------------  -----  ---------  --------  ----------  --------------  -------------------
/opt/airflow/dags/DAG_urbania.py                           1           0  0.13s           2026-01-30T21:35:00
================================================================================
[2026-01-30T21:35:59.092+0000] {manager.py:879} INFO - 
================================================================================
DAG File Processing Stats

File Path                         PID    Runtime      # DAGs    # Errors  Last Runtime    Last Run
--------------------------------  -----  ---------  --------  ----------  --------------  -------------------
/opt/airflow/dags/DAG_urbania.py                           1           0  0.15s           2026-01-30T21:35:32
================================================================================
[2026-01-30T21:36:30.967+0000] {manager.py:879} INFO - 
================================================================================
DAG File Processing Stats

File Path                         PID    Runtime      # DAGs    # Errors  Last Runtime    Last Run
--------------------------------  -----  ---------  --------  ----------  --------------  -------------------
/opt/airflow/dags/DAG_urbania.py                           1           0  0.14s           2026-01-30T21:36:03
================================================================================
[2026-01-30T21:37:02.621+0000] {manager.py:879} INFO - 
================================================================================
DAG File Processing Stats

File Path                         PID    Runtime      # DAGs    # Errors  Last Runtime    Last Run
--------------------------------  -----  ---------  --------  ----------  --------------  -------------------
/opt/airflow/dags/DAG_urbania.py                           1           0  0.14s           2026-01-30T21:36:35
================================================================================
[2026-01-30T21:37:34.415+0000] {manager.py:879} INFO - 
================================================================================
DAG File Processing Stats

File Path                         PID    Runtime      # DAGs    # Errors  Last Runtime    Last Run
--------------------------------  -----  ---------  --------  ----------  --------------  -------------------
/opt/airflow/dags/DAG_urbania.py                           1           0  0.14s           2026-01-30T21:37:06
================================================================================
[2026-01-30T21:38:06.290+0000] {manager.py:879} INFO - 
================================================================================
DAG File Processing Stats

File Path                         PID    Runtime      # DAGs    # Errors  Last Runtime    Last Run
--------------------------------  -----  ---------  --------  ----------  --------------  -------------------
/opt/airflow/dags/DAG_urbania.py                           1           0  0.15s           2026-01-30T21:37:38
================================================================================
[2026-01-30T21:38:38.099+0000] {manager.py:879} INFO - 
================================================================================
DAG File Processing Stats

File Path                         PID    Runtime      # DAGs    # Errors  Last Runtime    Last Run
--------------------------------  -----  ---------  --------  ----------  --------------  -------------------
/opt/airflow/dags/DAG_urbania.py                           1           0  0.16s           2026-01-30T21:38:10
================================================================================
[2026-01-30T21:39:05.855+0000] {manager.py:738} INFO - Searching for files in /opt/airflow/dags
[2026-01-30T21:39:05.869+0000] {manager.py:741} INFO - There are 1 files in /opt/airflow/dags
[2026-01-30T21:39:09.896+0000] {manager.py:879} INFO - 
================================================================================
DAG File Processing Stats

File Path                         PID    Runtime      # DAGs    # Errors  Last Runtime    Last Run
--------------------------------  -----  ---------  --------  ----------  --------------  -------------------
/opt/airflow/dags/DAG_urbania.py                           1           0  0.14s           2026-01-30T21:38:41
================================================================================
[2026-01-30T21:39:41.608+0000] {manager.py:879} INFO - 
================================================================================
DAG File Processing Stats

File Path                         PID    Runtime      # DAGs    # Errors  Last Runtime    Last Run
--------------------------------  -----  ---------  --------  ----------  --------------  -------------------
/opt/airflow/dags/DAG_urbania.py                           1           0  0.14s           2026-01-30T21:39:13
================================================================================
[2026-01-30T21:40:13.460+0000] {manager.py:879} INFO - 
================================================================================
DAG File Processing Stats

File Path                         PID    Runtime      # DAGs    # Errors  Last Runtime    Last Run
--------------------------------  -----  ---------  --------  ----------  --------------  -------------------
/opt/airflow/dags/DAG_urbania.py                           1           0  0.14s           2026-01-30T21:39:44
================================================================================
[2026-01-30T21:40:45.416+0000] {manager.py:879} INFO - 
================================================================================
DAG File Processing Stats

File Path                         PID    Runtime      # DAGs    # Errors  Last Runtime    Last Run
--------------------------------  -----  ---------  --------  ----------  --------------  -------------------
/opt/airflow/dags/DAG_urbania.py                           1           0  0.14s           2026-01-30T21:40:16
================================================================================
[2026-01-30T21:41:17.088+0000] {manager.py:879} INFO - 
================================================================================
DAG File Processing Stats

File Path                         PID    Runtime      # DAGs    # Errors  Last Runtime    Last Run
--------------------------------  -----  ---------  --------  ----------  --------------  -------------------
/opt/airflow/dags/DAG_urbania.py                           1           0  0.14s           2026-01-30T21:40:48
================================================================================
[2026-01-30T21:41:48.908+0000] {manager.py:879} INFO - 
================================================================================
DAG File Processing Stats

File Path                         PID    Runtime      # DAGs    # Errors  Last Runtime    Last Run
--------------------------------  -----  ---------  --------  ----------  --------------  -------------------
/opt/airflow/dags/DAG_urbania.py                           1           0  0.15s           2026-01-30T21:41:19
================================================================================
[2026-01-30T21:42:21.372+0000] {manager.py:879} INFO - 
================================================================================
DAG File Processing Stats

File Path                         PID    Runtime      # DAGs    # Errors  Last Runtime    Last Run
--------------------------------  -----  ---------  --------  ----------  --------------  -------------------
/opt/airflow/dags/DAG_urbania.py                           1           0  0.13s           2026-01-30T21:41:51
================================================================================
[2026-01-30T21:42:54.133+0000] {manager.py:879} INFO - 
================================================================================
DAG File Processing Stats

File Path                           PID  Runtime      # DAGs    # Errors  Last Runtime    Last Run
--------------------------------  -----  ---------  --------  ----------  --------------  -------------------
/opt/airflow/dags/DAG_urbania.py    640  0.00s             1           0  0.13s           2026-01-30T21:42:22
================================================================================
[2026-01-30T21:43:25.966+0000] {manager.py:879} INFO - 
================================================================================
DAG File Processing Stats

File Path                           PID  Runtime      # DAGs    # Errors  Last Runtime    Last Run
--------------------------------  -----  ---------  --------  ----------  --------------  -------------------
/opt/airflow/dags/DAG_urbania.py    645  0.01s             1           0  0.14s           2026-01-30T21:42:54
================================================================================
[2026-01-30T21:43:57.747+0000] {manager.py:879} INFO - 
================================================================================
DAG File Processing Stats

File Path                           PID  Runtime      # DAGs    # Errors  Last Runtime    Last Run
--------------------------------  -----  ---------  --------  ----------  --------------  -------------------
/opt/airflow/dags/DAG_urbania.py    650  0.01s             1           0  0.13s           2026-01-30T21:43:26
================================================================================
[2026-01-30T21:44:05.871+0000] {manager.py:738} INFO - Searching for files in /opt/airflow/dags
[2026-01-30T21:44:05.887+0000] {manager.py:741} INFO - There are 1 files in /opt/airflow/dags
[2026-01-30T21:44:29.637+0000] {manager.py:879} INFO - 
================================================================================
DAG File Processing Stats

File Path                           PID  Runtime      # DAGs    # Errors  Last Runtime    Last Run
--------------------------------  -----  ---------  --------  ----------  --------------  -------------------
/opt/airflow/dags/DAG_urbania.py    655  0.00s             1           0  0.14s           2026-01-30T21:43:57
================================================================================
[2026-01-30T21:45:01.497+0000] {manager.py:879} INFO - 
================================================================================
DAG File Processing Stats

File Path                         PID    Runtime      # DAGs    # Errors  Last Runtime    Last Run
--------------------------------  -----  ---------  --------  ----------  --------------  -------------------
/opt/airflow/dags/DAG_urbania.py                           1           0  0.14s           2026-01-30T21:45:00
================================================================================
[2026-01-30T21:45:33.344+0000] {manager.py:879} INFO - 
================================================================================
DAG File Processing Stats

File Path                         PID    Runtime      # DAGs    # Errors  Last Runtime    Last Run
--------------------------------  -----  ---------  --------  ----------  --------------  -------------------
/opt/airflow/dags/DAG_urbania.py                           1           0  0.15s           2026-01-30T21:45:32
================================================================================
[2026-01-30T21:46:05.119+0000] {manager.py:879} INFO - 
================================================================================
DAG File Processing Stats

File Path                         PID    Runtime      # DAGs    # Errors  Last Runtime    Last Run
--------------------------------  -----  ---------  --------  ----------  --------------  -------------------
/opt/airflow/dags/DAG_urbania.py                           1           0  0.14s           2026-01-30T21:46:04
================================================================================
[2026-01-30T21:46:36.987+0000] {manager.py:879} INFO - 
================================================================================
DAG File Processing Stats

File Path                         PID    Runtime      # DAGs    # Errors  Last Runtime    Last Run
--------------------------------  -----  ---------  --------  ----------  --------------  -------------------
/opt/airflow/dags/DAG_urbania.py                           1           0  0.15s           2026-01-30T21:46:36
================================================================================
[2026-01-30T21:47:08.791+0000] {manager.py:879} INFO - 
================================================================================
DAG File Processing Stats

File Path                         PID    Runtime      # DAGs    # Errors  Last Runtime    Last Run
--------------------------------  -----  ---------  --------  ----------  --------------  -------------------
/opt/airflow/dags/DAG_urbania.py                           1           0  0.13s           2026-01-30T21:47:07
================================================================================
[2026-01-30T21:47:40.639+0000] {manager.py:879} INFO - 
================================================================================
DAG File Processing Stats

File Path                         PID    Runtime      # DAGs    # Errors  Last Runtime    Last Run
--------------------------------  -----  ---------  --------  ----------  --------------  -------------------
/opt/airflow/dags/DAG_urbania.py                           1           0  0.14s           2026-01-30T21:47:38
================================================================================
[2026-01-30T21:48:12.417+0000] {manager.py:879} INFO - 
================================================================================
DAG File Processing Stats

File Path                         PID    Runtime      # DAGs    # Errors  Last Runtime    Last Run
--------------------------------  -----  ---------  --------  ----------  --------------  -------------------
/opt/airflow/dags/DAG_urbania.py                           1           0  0.13s           2026-01-30T21:48:10
================================================================================
[2026-01-30T21:48:44.310+0000] {manager.py:879} INFO - 
================================================================================
DAG File Processing Stats

File Path                         PID    Runtime      # DAGs    # Errors  Last Runtime    Last Run
--------------------------------  -----  ---------  --------  ----------  --------------  -------------------
/opt/airflow/dags/DAG_urbania.py                           1           0  0.14s           2026-01-30T21:48:42
================================================================================
[2026-01-30T21:49:06.407+0000] {manager.py:738} INFO - Searching for files in /opt/airflow/dags
[2026-01-30T21:49:06.424+0000] {manager.py:741} INFO - There are 1 files in /opt/airflow/dags
[2026-01-30T21:49:16.112+0000] {manager.py:879} INFO - 
================================================================================
DAG File Processing Stats

File Path                         PID    Runtime      # DAGs    # Errors  Last Runtime    Last Run
--------------------------------  -----  ---------  --------  ----------  --------------  -------------------
/opt/airflow/dags/DAG_urbania.py                           1           0  0.15s           2026-01-30T21:49:14
================================================================================
[2026-01-30T21:49:47.971+0000] {manager.py:879} INFO - 
================================================================================
DAG File Processing Stats

File Path                         PID    Runtime      # DAGs    # Errors  Last Runtime    Last Run
--------------------------------  -----  ---------  --------  ----------  --------------  -------------------
/opt/airflow/dags/DAG_urbania.py                           1           0  0.15s           2026-01-30T21:49:45
================================================================================
[2026-01-30T21:50:19.758+0000] {manager.py:879} INFO - 
================================================================================
DAG File Processing Stats

File Path                         PID    Runtime      # DAGs    # Errors  Last Runtime    Last Run
--------------------------------  -----  ---------  --------  ----------  --------------  -------------------
/opt/airflow/dags/DAG_urbania.py                           1           0  0.13s           2026-01-30T21:50:16
================================================================================
[2026-01-30T21:50:51.675+0000] {manager.py:879} INFO - 
================================================================================
DAG File Processing Stats

File Path                         PID    Runtime      # DAGs    # Errors  Last Runtime    Last Run
--------------------------------  -----  ---------  --------  ----------  --------------  -------------------
/opt/airflow/dags/DAG_urbania.py                           1           0  0.14s           2026-01-30T21:50:48
================================================================================
[2026-01-30T21:51:23.445+0000] {manager.py:879} INFO - 
================================================================================
DAG File Processing Stats

File Path                         PID    Runtime      # DAGs    # Errors  Last Runtime    Last Run
--------------------------------  -----  ---------  --------  ----------  --------------  -------------------
/opt/airflow/dags/DAG_urbania.py                           1           0  0.13s           2026-01-30T21:51:20
================================================================================
[2026-01-30T21:51:55.285+0000] {manager.py:879} INFO - 
================================================================================
DAG File Processing Stats

File Path                         PID    Runtime      # DAGs    # Errors  Last Runtime    Last Run
--------------------------------  -----  ---------  --------  ----------  --------------  -------------------
/opt/airflow/dags/DAG_urbania.py                           1           0  0.15s           2026-01-30T21:51:52
================================================================================
[2026-01-30T21:52:27.116+0000] {manager.py:879} INFO - 
================================================================================
DAG File Processing Stats

File Path                         PID    Runtime      # DAGs    # Errors  Last Runtime    Last Run
--------------------------------  -----  ---------  --------  ----------  --------------  -------------------
/opt/airflow/dags/DAG_urbania.py                           1           0  0.14s           2026-01-30T21:52:24
================================================================================
[2026-01-30T21:52:59.000+0000] {manager.py:879} INFO - 
================================================================================
DAG File Processing Stats

File Path                         PID    Runtime      # DAGs    # Errors  Last Runtime    Last Run
--------------------------------  -----  ---------  --------  ----------  --------------  -------------------
/opt/airflow/dags/DAG_urbania.py                           1           0  0.13s           2026-01-30T21:52:55
================================================================================
[2026-01-30T21:53:30.878+0000] {manager.py:879} INFO - 
================================================================================
DAG File Processing Stats

File Path                         PID    Runtime      # DAGs    # Errors  Last Runtime    Last Run
--------------------------------  -----  ---------  --------  ----------  --------------  -------------------
/opt/airflow/dags/DAG_urbania.py                           1           0  0.13s           2026-01-30T21:53:26
================================================================================
[2026-01-30T21:54:02.659+0000] {manager.py:879} INFO - 
================================================================================
DAG File Processing Stats

File Path                         PID    Runtime      # DAGs    # Errors  Last Runtime    Last Run
--------------------------------  -----  ---------  --------  ----------  --------------  -------------------
/opt/airflow/dags/DAG_urbania.py                           1           0  0.14s           2026-01-30T21:53:58
================================================================================
[2026-01-30T21:54:06.677+0000] {manager.py:738} INFO - Searching for files in /opt/airflow/dags
[2026-01-30T21:54:06.691+0000] {manager.py:741} INFO - There are 1 files in /opt/airflow/dags
[2026-01-30T21:54:34.556+0000] {manager.py:879} INFO - 
================================================================================
DAG File Processing Stats

File Path                         PID    Runtime      # DAGs    # Errors  Last Runtime    Last Run
--------------------------------  -----  ---------  --------  ----------  --------------  -------------------
/opt/airflow/dags/DAG_urbania.py                           1           0  0.14s           2026-01-30T21:54:30
================================================================================
[2026-01-30T21:55:06.405+0000] {manager.py:879} INFO - 
================================================================================
DAG File Processing Stats

File Path                         PID    Runtime      # DAGs    # Errors  Last Runtime    Last Run
--------------------------------  -----  ---------  --------  ----------  --------------  -------------------
/opt/airflow/dags/DAG_urbania.py                           1           0  0.14s           2026-01-30T21:55:02
================================================================================
[2026-01-30T21:55:38.271+0000] {manager.py:879} INFO - 
================================================================================
DAG File Processing Stats

File Path                         PID    Runtime      # DAGs    # Errors  Last Runtime    Last Run
--------------------------------  -----  ---------  --------  ----------  --------------  -------------------
/opt/airflow/dags/DAG_urbania.py                           1           0  0.14s           2026-01-30T21:55:33
================================================================================
[2026-01-30T21:56:10.160+0000] {manager.py:879} INFO - 
================================================================================
DAG File Processing Stats

File Path                         PID    Runtime      # DAGs    # Errors  Last Runtime    Last Run
--------------------------------  -----  ---------  --------  ----------  --------------  -------------------
/opt/airflow/dags/DAG_urbania.py                           1           0  0.15s           2026-01-30T21:56:05
================================================================================
[2026-01-30T21:56:41.962+0000] {manager.py:879} INFO - 
================================================================================
DAG File Processing Stats

File Path                         PID    Runtime      # DAGs    # Errors  Last Runtime    Last Run
--------------------------------  -----  ---------  --------  ----------  --------------  -------------------
/opt/airflow/dags/DAG_urbania.py                           1           0  0.14s           2026-01-30T21:56:37
================================================================================
[2026-01-30T21:57:13.893+0000] {manager.py:879} INFO - 
================================================================================
DAG File Processing Stats

File Path                         PID    Runtime      # DAGs    # Errors  Last Runtime    Last Run
--------------------------------  -----  ---------  --------  ----------  --------------  -------------------
/opt/airflow/dags/DAG_urbania.py                           1           0  0.13s           2026-01-30T21:57:08
================================================================================
[2026-01-30T21:57:45.704+0000] {manager.py:879} INFO - 
================================================================================
DAG File Processing Stats

File Path                         PID    Runtime      # DAGs    # Errors  Last Runtime    Last Run
--------------------------------  -----  ---------  --------  ----------  --------------  -------------------
/opt/airflow/dags/DAG_urbania.py                           1           0  0.14s           2026-01-30T21:57:40
================================================================================
[2026-01-30T21:58:17.598+0000] {manager.py:879} INFO - 
================================================================================
DAG File Processing Stats

File Path                         PID    Runtime      # DAGs    # Errors  Last Runtime    Last Run
--------------------------------  -----  ---------  --------  ----------  --------------  -------------------
/opt/airflow/dags/DAG_urbania.py                           1           0  0.14s           2026-01-30T21:58:11
================================================================================
[2026-01-30T21:58:49.536+0000] {manager.py:879} INFO - 
================================================================================
DAG File Processing Stats

File Path                         PID    Runtime      # DAGs    # Errors  Last Runtime    Last Run
--------------------------------  -----  ---------  --------  ----------  --------------  -------------------
/opt/airflow/dags/DAG_urbania.py                           1           0  0.15s           2026-01-30T21:58:43
================================================================================
[2026-01-30T21:59:07.634+0000] {manager.py:738} INFO - Searching for files in /opt/airflow/dags
[2026-01-30T21:59:07.648+0000] {manager.py:741} INFO - There are 1 files in /opt/airflow/dags
[2026-01-30T21:59:21.416+0000] {manager.py:879} INFO - 
================================================================================
DAG File Processing Stats

File Path                         PID    Runtime      # DAGs    # Errors  Last Runtime    Last Run
--------------------------------  -----  ---------  --------  ----------  --------------  -------------------
/opt/airflow/dags/DAG_urbania.py                           1           0  0.13s           2026-01-30T21:59:15
================================================================================
[2026-01-30T21:59:53.323+0000] {manager.py:879} INFO - 
================================================================================
DAG File Processing Stats

File Path                         PID    Runtime      # DAGs    # Errors  Last Runtime    Last Run
--------------------------------  -----  ---------  --------  ----------  --------------  -------------------
/opt/airflow/dags/DAG_urbania.py                           1           0  0.15s           2026-01-30T21:59:47
================================================================================
[2026-01-30T22:00:25.149+0000] {manager.py:879} INFO - 
================================================================================
DAG File Processing Stats

File Path                         PID    Runtime      # DAGs    # Errors  Last Runtime    Last Run
--------------------------------  -----  ---------  --------  ----------  --------------  -------------------
/opt/airflow/dags/DAG_urbania.py                           1           0  0.15s           2026-01-30T22:00:19
================================================================================
[2026-01-30T22:00:57.093+0000] {manager.py:879} INFO - 
================================================================================
DAG File Processing Stats

File Path                         PID    Runtime      # DAGs    # Errors  Last Runtime    Last Run
--------------------------------  -----  ---------  --------  ----------  --------------  -------------------
/opt/airflow/dags/DAG_urbania.py                           1           0  0.15s           2026-01-30T22:00:50
================================================================================
[2026-01-30T22:01:29.022+0000] {manager.py:879} INFO - 
================================================================================
DAG File Processing Stats

File Path                         PID    Runtime      # DAGs    # Errors  Last Runtime    Last Run
--------------------------------  -----  ---------  --------  ----------  --------------  -------------------
/opt/airflow/dags/DAG_urbania.py                           1           0  0.14s           2026-01-30T22:01:22
================================================================================
[2026-01-30T22:02:00.859+0000] {manager.py:879} INFO - 
================================================================================
DAG File Processing Stats

File Path                         PID    Runtime      # DAGs    # Errors  Last Runtime    Last Run
--------------------------------  -----  ---------  --------  ----------  --------------  -------------------
/opt/airflow/dags/DAG_urbania.py                           1           0  0.15s           2026-01-30T22:01:53
================================================================================
[2026-01-30T22:02:32.784+0000] {manager.py:879} INFO - 
================================================================================
DAG File Processing Stats

File Path                         PID    Runtime      # DAGs    # Errors  Last Runtime    Last Run
--------------------------------  -----  ---------  --------  ----------  --------------  -------------------
/opt/airflow/dags/DAG_urbania.py                           1           0  0.15s           2026-01-30T22:02:25
================================================================================
[2026-01-30T22:03:04.644+0000] {manager.py:879} INFO - 
================================================================================
DAG File Processing Stats

File Path                         PID    Runtime      # DAGs    # Errors  Last Runtime    Last Run
--------------------------------  -----  ---------  --------  ----------  --------------  -------------------
/opt/airflow/dags/DAG_urbania.py                           1           0  0.13s           2026-01-30T22:02:57
================================================================================
[2026-01-30T22:03:36.565+0000] {manager.py:879} INFO - 
================================================================================
DAG File Processing Stats

File Path                         PID    Runtime      # DAGs    # Errors  Last Runtime    Last Run
--------------------------------  -----  ---------  --------  ----------  --------------  -------------------
/opt/airflow/dags/DAG_urbania.py                           1           0  0.13s           2026-01-30T22:03:28
================================================================================
[2026-01-30T22:04:08.406+0000] {manager.py:738} INFO - Searching for files in /opt/airflow/dags
[2026-01-30T22:04:08.421+0000] {manager.py:741} INFO - There are 1 files in /opt/airflow/dags
[2026-01-30T22:04:08.431+0000] {manager.py:879} INFO - 
================================================================================
DAG File Processing Stats

File Path                         PID    Runtime      # DAGs    # Errors  Last Runtime    Last Run
--------------------------------  -----  ---------  --------  ----------  --------------  -------------------
/opt/airflow/dags/DAG_urbania.py                           1           0  0.13s           2026-01-30T22:04:00
================================================================================
[2026-01-30T22:04:40.323+0000] {manager.py:879} INFO - 
================================================================================
DAG File Processing Stats

File Path                         PID    Runtime      # DAGs    # Errors  Last Runtime    Last Run
--------------------------------  -----  ---------  --------  ----------  --------------  -------------------
/opt/airflow/dags/DAG_urbania.py                           1           0  0.16s           2026-01-30T22:04:32
================================================================================
[2026-01-30T22:05:12.255+0000] {manager.py:879} INFO - 
================================================================================
DAG File Processing Stats

File Path                         PID    Runtime      # DAGs    # Errors  Last Runtime    Last Run
--------------------------------  -----  ---------  --------  ----------  --------------  -------------------
/opt/airflow/dags/DAG_urbania.py                           1           0  0.14s           2026-01-30T22:05:04
================================================================================
[2026-01-30T22:05:44.131+0000] {manager.py:879} INFO - 
================================================================================
DAG File Processing Stats

File Path                         PID    Runtime      # DAGs    # Errors  Last Runtime    Last Run
--------------------------------  -----  ---------  --------  ----------  --------------  -------------------
/opt/airflow/dags/DAG_urbania.py                           1           0  0.14s           2026-01-30T22:05:36
================================================================================
[2026-01-30T22:06:16.057+0000] {manager.py:879} INFO - 
================================================================================
DAG File Processing Stats

File Path                         PID    Runtime      # DAGs    # Errors  Last Runtime    Last Run
--------------------------------  -----  ---------  --------  ----------  --------------  -------------------
/opt/airflow/dags/DAG_urbania.py                           1           0  0.13s           2026-01-30T22:06:07
================================================================================
[2026-01-30T22:06:47.989+0000] {manager.py:879} INFO - 
================================================================================
DAG File Processing Stats

File Path                         PID    Runtime      # DAGs    # Errors  Last Runtime    Last Run
--------------------------------  -----  ---------  --------  ----------  --------------  -------------------
/opt/airflow/dags/DAG_urbania.py                           1           0  0.15s           2026-01-30T22:06:38
================================================================================
[2026-01-30T22:07:19.875+0000] {manager.py:879} INFO - 
================================================================================
DAG File Processing Stats

File Path                         PID    Runtime      # DAGs    # Errors  Last Runtime    Last Run
--------------------------------  -----  ---------  --------  ----------  --------------  -------------------
/opt/airflow/dags/DAG_urbania.py                           1           0  0.14s           2026-01-30T22:07:10
================================================================================
[2026-01-30T22:07:51.809+0000] {manager.py:879} INFO - 
================================================================================
DAG File Processing Stats

File Path                         PID    Runtime      # DAGs    # Errors  Last Runtime    Last Run
--------------------------------  -----  ---------  --------  ----------  --------------  -------------------
/opt/airflow/dags/DAG_urbania.py                           1           0  0.14s           2026-01-30T22:07:42
================================================================================
[2026-01-30T22:08:23.717+0000] {manager.py:879} INFO - 
================================================================================
DAG File Processing Stats

File Path                         PID    Runtime      # DAGs    # Errors  Last Runtime    Last Run
--------------------------------  -----  ---------  --------  ----------  --------------  -------------------
/opt/airflow/dags/DAG_urbania.py                           1           0  0.21s           2026-01-30T22:08:14
================================================================================
[2026-01-30T22:08:55.731+0000] {manager.py:879} INFO - 
================================================================================
DAG File Processing Stats

File Path                         PID    Runtime      # DAGs    # Errors  Last Runtime    Last Run
--------------------------------  -----  ---------  --------  ----------  --------------  -------------------
/opt/airflow/dags/DAG_urbania.py                           1           0  0.14s           2026-01-30T22:08:45
================================================================================
[2026-01-30T22:09:08.785+0000] {manager.py:738} INFO - Searching for files in /opt/airflow/dags
[2026-01-30T22:09:08.801+0000] {manager.py:741} INFO - There are 1 files in /opt/airflow/dags
[2026-01-30T22:09:27.731+0000] {manager.py:879} INFO - 
================================================================================
DAG File Processing Stats

File Path                         PID    Runtime      # DAGs    # Errors  Last Runtime    Last Run
--------------------------------  -----  ---------  --------  ----------  --------------  -------------------
/opt/airflow/dags/DAG_urbania.py                           1           0  0.16s           2026-01-30T22:09:17
================================================================================
[2026-01-30T22:09:59.631+0000] {manager.py:879} INFO - 
================================================================================
DAG File Processing Stats

File Path                         PID    Runtime      # DAGs    # Errors  Last Runtime    Last Run
--------------------------------  -----  ---------  --------  ----------  --------------  -------------------
/opt/airflow/dags/DAG_urbania.py                           1           0  0.16s           2026-01-30T22:09:49
================================================================================
[2026-01-30T22:10:31.597+0000] {manager.py:879} INFO - 
================================================================================
DAG File Processing Stats

File Path                         PID    Runtime      # DAGs    # Errors  Last Runtime    Last Run
--------------------------------  -----  ---------  --------  ----------  --------------  -------------------
/opt/airflow/dags/DAG_urbania.py                           1           0  0.14s           2026-01-30T22:10:21
================================================================================
[2026-01-30T22:11:03.449+0000] {manager.py:879} INFO - 
================================================================================
DAG File Processing Stats

File Path                         PID    Runtime      # DAGs    # Errors  Last Runtime    Last Run
--------------------------------  -----  ---------  --------  ----------  --------------  -------------------
/opt/airflow/dags/DAG_urbania.py                           1           0  0.14s           2026-01-30T22:10:53
================================================================================
[2026-01-30T22:11:35.443+0000] {manager.py:879} INFO - 
================================================================================
DAG File Processing Stats

File Path                         PID    Runtime      # DAGs    # Errors  Last Runtime    Last Run
--------------------------------  -----  ---------  --------  ----------  --------------  -------------------
/opt/airflow/dags/DAG_urbania.py                           1           0  0.13s           2026-01-30T22:11:24
================================================================================
[2026-01-30T22:12:07.312+0000] {manager.py:879} INFO - 
================================================================================
DAG File Processing Stats

File Path                         PID    Runtime      # DAGs    # Errors  Last Runtime    Last Run
--------------------------------  -----  ---------  --------  ----------  --------------  -------------------
/opt/airflow/dags/DAG_urbania.py                           1           0  0.13s           2026-01-30T22:11:56
================================================================================
[2026-01-30T22:12:39.278+0000] {manager.py:879} INFO - 
================================================================================
DAG File Processing Stats

File Path                         PID    Runtime      # DAGs    # Errors  Last Runtime    Last Run
--------------------------------  -----  ---------  --------  ----------  --------------  -------------------
/opt/airflow/dags/DAG_urbania.py                           1           0  0.13s           2026-01-30T22:12:28
================================================================================
[2026-01-30T22:13:11.140+0000] {manager.py:879} INFO - 
================================================================================
DAG File Processing Stats

File Path                         PID    Runtime      # DAGs    # Errors  Last Runtime    Last Run
--------------------------------  -----  ---------  --------  ----------  --------------  -------------------
/opt/airflow/dags/DAG_urbania.py                           1           0  0.13s           2026-01-30T22:13:00
================================================================================
[2026-01-30T22:13:43.125+0000] {manager.py:879} INFO - 
================================================================================
DAG File Processing Stats

File Path                         PID    Runtime      # DAGs    # Errors  Last Runtime    Last Run
--------------------------------  -----  ---------  --------  ----------  --------------  -------------------
/opt/airflow/dags/DAG_urbania.py                           1           0  0.13s           2026-01-30T22:13:32
================================================================================
[2026-01-30T22:14:08.977+0000] {manager.py:738} INFO - Searching for files in /opt/airflow/dags
[2026-01-30T22:14:08.992+0000] {manager.py:741} INFO - There are 1 files in /opt/airflow/dags
[2026-01-30T22:14:15.030+0000] {manager.py:879} INFO - 
================================================================================
DAG File Processing Stats

File Path                         PID    Runtime      # DAGs    # Errors  Last Runtime    Last Run
--------------------------------  -----  ---------  --------  ----------  --------------  -------------------
/opt/airflow/dags/DAG_urbania.py                           1           0  0.14s           2026-01-30T22:14:03
================================================================================
[2026-01-30T22:14:46.999+0000] {manager.py:879} INFO - 
================================================================================
DAG File Processing Stats

File Path                         PID    Runtime      # DAGs    # Errors  Last Runtime    Last Run
--------------------------------  -----  ---------  --------  ----------  --------------  -------------------
/opt/airflow/dags/DAG_urbania.py                           1           0  0.16s           2026-01-30T22:14:35
================================================================================
[2026-01-30T22:15:18.918+0000] {manager.py:879} INFO - 
================================================================================
DAG File Processing Stats

File Path                         PID    Runtime      # DAGs    # Errors  Last Runtime    Last Run
--------------------------------  -----  ---------  --------  ----------  --------------  -------------------
/opt/airflow/dags/DAG_urbania.py                           1           0  0.13s           2026-01-30T22:15:06
================================================================================
[2026-01-30T22:15:50.885+0000] {manager.py:879} INFO - 
================================================================================
DAG File Processing Stats

File Path                         PID    Runtime      # DAGs    # Errors  Last Runtime    Last Run
--------------------------------  -----  ---------  --------  ----------  --------------  -------------------
/opt/airflow/dags/DAG_urbania.py                           1           0  0.14s           2026-01-30T22:15:38
================================================================================
[2026-01-30T22:16:22.834+0000] {manager.py:879} INFO - 
================================================================================
DAG File Processing Stats

File Path                         PID    Runtime      # DAGs    # Errors  Last Runtime    Last Run
--------------------------------  -----  ---------  --------  ----------  --------------  -------------------
/opt/airflow/dags/DAG_urbania.py                           1           0  0.14s           2026-01-30T22:16:10
================================================================================
[2026-01-30T22:16:54.752+0000] {manager.py:879} INFO - 
================================================================================
DAG File Processing Stats

File Path                         PID    Runtime      # DAGs    # Errors  Last Runtime    Last Run
--------------------------------  -----  ---------  --------  ----------  --------------  -------------------
/opt/airflow/dags/DAG_urbania.py                           1           0  0.13s           2026-01-30T22:16:41
================================================================================
[2026-01-30T22:17:26.768+0000] {manager.py:879} INFO - 
================================================================================
DAG File Processing Stats

File Path                         PID    Runtime      # DAGs    # Errors  Last Runtime    Last Run
--------------------------------  -----  ---------  --------  ----------  --------------  -------------------
/opt/airflow/dags/DAG_urbania.py                           1           0  0.13s           2026-01-30T22:17:13
================================================================================
[2026-01-30T22:17:58.736+0000] {manager.py:879} INFO - 
================================================================================
DAG File Processing Stats

File Path                         PID    Runtime      # DAGs    # Errors  Last Runtime    Last Run
--------------------------------  -----  ---------  --------  ----------  --------------  -------------------
/opt/airflow/dags/DAG_urbania.py                           1           0  0.14s           2026-01-30T22:17:45
================================================================================
[2026-01-30T22:18:30.672+0000] {manager.py:879} INFO - 
================================================================================
DAG File Processing Stats

File Path                         PID    Runtime      # DAGs    # Errors  Last Runtime    Last Run
--------------------------------  -----  ---------  --------  ----------  --------------  -------------------
/opt/airflow/dags/DAG_urbania.py                           1           0  0.13s           2026-01-30T22:18:17
================================================================================
[2026-01-30T22:19:02.594+0000] {manager.py:879} INFO - 
================================================================================
DAG File Processing Stats

File Path                         PID    Runtime      # DAGs    # Errors  Last Runtime    Last Run
--------------------------------  -----  ---------  --------  ----------  --------------  -------------------
/opt/airflow/dags/DAG_urbania.py                           1           0  0.14s           2026-01-30T22:18:49
================================================================================
[2026-01-30T22:19:09.623+0000] {manager.py:738} INFO - Searching for files in /opt/airflow/dags
[2026-01-30T22:19:09.637+0000] {manager.py:741} INFO - There are 1 files in /opt/airflow/dags
[2026-01-30T22:19:34.632+0000] {manager.py:879} INFO - 
================================================================================
DAG File Processing Stats

File Path                         PID    Runtime      # DAGs    # Errors  Last Runtime    Last Run
--------------------------------  -----  ---------  --------  ----------  --------------  -------------------
/opt/airflow/dags/DAG_urbania.py                           1           0  0.16s           2026-01-30T22:19:20
================================================================================
[2026-01-30T22:20:06.699+0000] {manager.py:879} INFO - 
================================================================================
DAG File Processing Stats

File Path                         PID    Runtime      # DAGs    # Errors  Last Runtime    Last Run
--------------------------------  -----  ---------  --------  ----------  --------------  -------------------
/opt/airflow/dags/DAG_urbania.py                           1           0  0.15s           2026-01-30T22:19:52
================================================================================
[2026-01-30T22:20:38.587+0000] {manager.py:879} INFO - 
================================================================================
DAG File Processing Stats

File Path                         PID    Runtime      # DAGs    # Errors  Last Runtime    Last Run
--------------------------------  -----  ---------  --------  ----------  --------------  -------------------
/opt/airflow/dags/DAG_urbania.py                           1           0  0.14s           2026-01-30T22:20:24
================================================================================
[2026-01-30T22:21:10.583+0000] {manager.py:879} INFO - 
================================================================================
DAG File Processing Stats

File Path                         PID    Runtime      # DAGs    # Errors  Last Runtime    Last Run
--------------------------------  -----  ---------  --------  ----------  --------------  -------------------
/opt/airflow/dags/DAG_urbania.py                           1           0  0.13s           2026-01-30T22:20:56
================================================================================
[2026-01-30T22:21:42.543+0000] {manager.py:879} INFO - 
================================================================================
DAG File Processing Stats

File Path                         PID    Runtime      # DAGs    # Errors  Last Runtime    Last Run
--------------------------------  -----  ---------  --------  ----------  --------------  -------------------
/opt/airflow/dags/DAG_urbania.py                           1           0  0.13s           2026-01-30T22:21:28
================================================================================
[2026-01-30T22:22:14.611+0000] {manager.py:879} INFO - 
================================================================================
DAG File Processing Stats

File Path                         PID    Runtime      # DAGs    # Errors  Last Runtime    Last Run
--------------------------------  -----  ---------  --------  ----------  --------------  -------------------
/opt/airflow/dags/DAG_urbania.py                           1           0  0.14s           2026-01-30T22:21:59
================================================================================
[2026-01-30T22:22:46.590+0000] {manager.py:879} INFO - 
================================================================================
DAG File Processing Stats

File Path                         PID    Runtime      # DAGs    # Errors  Last Runtime    Last Run
--------------------------------  -----  ---------  --------  ----------  --------------  -------------------
/opt/airflow/dags/DAG_urbania.py                           1           0  0.15s           2026-01-30T22:22:31
================================================================================
[2026-01-30T22:23:18.506+0000] {manager.py:879} INFO - 
================================================================================
DAG File Processing Stats

File Path                         PID    Runtime      # DAGs    # Errors  Last Runtime    Last Run
--------------------------------  -----  ---------  --------  ----------  --------------  -------------------
/opt/airflow/dags/DAG_urbania.py                           1           0  0.13s           2026-01-30T22:23:03
================================================================================
[2026-01-30T22:23:50.555+0000] {manager.py:879} INFO - 
================================================================================
DAG File Processing Stats

File Path                         PID    Runtime      # DAGs    # Errors  Last Runtime    Last Run
--------------------------------  -----  ---------  --------  ----------  --------------  -------------------
/opt/airflow/dags/DAG_urbania.py                           1           0  0.17s           2026-01-30T22:23:35
================================================================================
[2026-01-30T22:24:09.629+0000] {manager.py:738} INFO - Searching for files in /opt/airflow/dags
[2026-01-30T22:24:09.643+0000] {manager.py:741} INFO - There are 1 files in /opt/airflow/dags
[2026-01-30T22:24:22.594+0000] {manager.py:879} INFO - 
================================================================================
DAG File Processing Stats

File Path                         PID    Runtime      # DAGs    # Errors  Last Runtime    Last Run
--------------------------------  -----  ---------  --------  ----------  --------------  -------------------
/opt/airflow/dags/DAG_urbania.py                           1           0  0.14s           2026-01-30T22:24:07
================================================================================
[2026-01-30T22:24:54.558+0000] {manager.py:879} INFO - 
================================================================================
DAG File Processing Stats

File Path                         PID    Runtime      # DAGs    # Errors  Last Runtime    Last Run
--------------------------------  -----  ---------  --------  ----------  --------------  -------------------
/opt/airflow/dags/DAG_urbania.py                           1           0  0.14s           2026-01-30T22:24:38
================================================================================
[2026-01-30T22:25:26.583+0000] {manager.py:879} INFO - 
================================================================================
DAG File Processing Stats

File Path                         PID    Runtime      # DAGs    # Errors  Last Runtime    Last Run
--------------------------------  -----  ---------  --------  ----------  --------------  -------------------
/opt/airflow/dags/DAG_urbania.py                           1           0  0.14s           2026-01-30T22:25:10
================================================================================
[2026-01-30T22:25:58.544+0000] {manager.py:879} INFO - 
================================================================================
DAG File Processing Stats

File Path                         PID    Runtime      # DAGs    # Errors  Last Runtime    Last Run
--------------------------------  -----  ---------  --------  ----------  --------------  -------------------
/opt/airflow/dags/DAG_urbania.py                           1           0  0.13s           2026-01-30T22:25:42
================================================================================
[2026-01-30T22:26:30.610+0000] {manager.py:879} INFO - 
================================================================================
DAG File Processing Stats

File Path                         PID    Runtime      # DAGs    # Errors  Last Runtime    Last Run
--------------------------------  -----  ---------  --------  ----------  --------------  -------------------
/opt/airflow/dags/DAG_urbania.py                           1           0  0.14s           2026-01-30T22:26:14
================================================================================
[2026-01-30T22:27:02.529+0000] {manager.py:879} INFO - 
================================================================================
DAG File Processing Stats

File Path                         PID    Runtime      # DAGs    # Errors  Last Runtime    Last Run
--------------------------------  -----  ---------  --------  ----------  --------------  -------------------
/opt/airflow/dags/DAG_urbania.py                           1           0  0.15s           2026-01-30T22:26:46
================================================================================
[2026-01-30T22:27:34.574+0000] {manager.py:879} INFO - 
================================================================================
DAG File Processing Stats

File Path                         PID    Runtime      # DAGs    # Errors  Last Runtime    Last Run
--------------------------------  -----  ---------  --------  ----------  --------------  -------------------
/opt/airflow/dags/DAG_urbania.py                           1           0  0.15s           2026-01-30T22:27:17
================================================================================
[2026-01-30T22:28:06.640+0000] {manager.py:879} INFO - 
================================================================================
DAG File Processing Stats

File Path                         PID    Runtime      # DAGs    # Errors  Last Runtime    Last Run
--------------------------------  -----  ---------  --------  ----------  --------------  -------------------
/opt/airflow/dags/DAG_urbania.py                           1           0  0.13s           2026-01-30T22:27:49
================================================================================
[2026-01-30T22:28:38.631+0000] {manager.py:879} INFO - 
================================================================================
DAG File Processing Stats

File Path                         PID    Runtime      # DAGs    # Errors  Last Runtime    Last Run
--------------------------------  -----  ---------  --------  ----------  --------------  -------------------
/opt/airflow/dags/DAG_urbania.py                           1           0  0.15s           2026-01-30T22:28:21
================================================================================
[2026-01-30T22:29:09.676+0000] {manager.py:738} INFO - Searching for files in /opt/airflow/dags
[2026-01-30T22:29:09.691+0000] {manager.py:741} INFO - There are 1 files in /opt/airflow/dags
[2026-01-30T22:29:10.705+0000] {manager.py:879} INFO - 
================================================================================
DAG File Processing Stats

File Path                         PID    Runtime      # DAGs    # Errors  Last Runtime    Last Run
--------------------------------  -----  ---------  --------  ----------  --------------  -------------------
/opt/airflow/dags/DAG_urbania.py                           1           0  0.16s           2026-01-30T22:28:53
================================================================================
[2026-01-30T22:29:42.633+0000] {manager.py:879} INFO - 
================================================================================
DAG File Processing Stats

File Path                         PID    Runtime      # DAGs    # Errors  Last Runtime    Last Run
--------------------------------  -----  ---------  --------  ----------  --------------  -------------------
/opt/airflow/dags/DAG_urbania.py                           1           0  0.18s           2026-01-30T22:29:25
================================================================================
[2026-01-30T22:30:14.609+0000] {manager.py:879} INFO - 
================================================================================
DAG File Processing Stats

File Path                         PID    Runtime      # DAGs    # Errors  Last Runtime    Last Run
--------------------------------  -----  ---------  --------  ----------  --------------  -------------------
/opt/airflow/dags/DAG_urbania.py                           1           0  0.15s           2026-01-30T22:29:56
================================================================================
[2026-01-30T22:30:46.719+0000] {manager.py:879} INFO - 
================================================================================
DAG File Processing Stats

File Path                         PID    Runtime      # DAGs    # Errors  Last Runtime    Last Run
--------------------------------  -----  ---------  --------  ----------  --------------  -------------------
/opt/airflow/dags/DAG_urbania.py                           1           0  0.14s           2026-01-30T22:30:28
================================================================================
[2026-01-30T22:31:18.653+0000] {manager.py:879} INFO - 
================================================================================
DAG File Processing Stats

File Path                         PID    Runtime      # DAGs    # Errors  Last Runtime    Last Run
--------------------------------  -----  ---------  --------  ----------  --------------  -------------------
/opt/airflow/dags/DAG_urbania.py                           1           0  0.13s           2026-01-30T22:31:00
================================================================================
[2026-01-30T22:31:50.667+0000] {manager.py:879} INFO - 
================================================================================
DAG File Processing Stats

File Path                         PID    Runtime      # DAGs    # Errors  Last Runtime    Last Run
--------------------------------  -----  ---------  --------  ----------  --------------  -------------------
/opt/airflow/dags/DAG_urbania.py                           1           0  0.14s           2026-01-30T22:31:32
================================================================================
[2026-01-30T22:32:22.647+0000] {manager.py:879} INFO - 
================================================================================
DAG File Processing Stats

File Path                         PID    Runtime      # DAGs    # Errors  Last Runtime    Last Run
--------------------------------  -----  ---------  --------  ----------  --------------  -------------------
/opt/airflow/dags/DAG_urbania.py                           1           0  0.14s           2026-01-30T22:32:04
================================================================================
[2026-01-30T22:32:54.746+0000] {manager.py:879} INFO - 
================================================================================
DAG File Processing Stats

File Path                         PID    Runtime      # DAGs    # Errors  Last Runtime    Last Run
--------------------------------  -----  ---------  --------  ----------  --------------  -------------------
/opt/airflow/dags/DAG_urbania.py                           1           0  0.14s           2026-01-30T22:32:35
================================================================================
[2026-01-30T22:33:26.782+0000] {manager.py:879} INFO - 
================================================================================
DAG File Processing Stats

File Path                         PID    Runtime      # DAGs    # Errors  Last Runtime    Last Run
--------------------------------  -----  ---------  --------  ----------  --------------  -------------------
/opt/airflow/dags/DAG_urbania.py                           1           0  0.13s           2026-01-30T22:33:07
================================================================================
[2026-01-30T22:33:58.715+0000] {manager.py:879} INFO - 
================================================================================
DAG File Processing Stats

File Path                         PID    Runtime      # DAGs    # Errors  Last Runtime    Last Run
--------------------------------  -----  ---------  --------  ----------  --------------  -------------------
/opt/airflow/dags/DAG_urbania.py                           1           0  0.13s           2026-01-30T22:33:39
================================================================================
[2026-01-30T22:34:11.594+0000] {manager.py:738} INFO - Searching for files in /opt/airflow/dags
[2026-01-30T22:34:11.607+0000] {manager.py:741} INFO - There are 1 files in /opt/airflow/dags
[2026-01-30T22:34:30.774+0000] {manager.py:879} INFO - 
================================================================================
DAG File Processing Stats

File Path                         PID    Runtime      # DAGs    # Errors  Last Runtime    Last Run
--------------------------------  -----  ---------  --------  ----------  --------------  -------------------
/opt/airflow/dags/DAG_urbania.py                           1           0  0.15s           2026-01-30T22:34:11
================================================================================
[2026-01-30T22:35:02.823+0000] {manager.py:879} INFO - 
================================================================================
DAG File Processing Stats

File Path                         PID    Runtime      # DAGs    # Errors  Last Runtime    Last Run
--------------------------------  -----  ---------  --------  ----------  --------------  -------------------
/opt/airflow/dags/DAG_urbania.py                           1           0  0.17s           2026-01-30T22:34:43
================================================================================
[2026-01-30T22:35:34.846+0000] {manager.py:879} INFO - 
================================================================================
DAG File Processing Stats

File Path                         PID    Runtime      # DAGs    # Errors  Last Runtime    Last Run
--------------------------------  -----  ---------  --------  ----------  --------------  -------------------
/opt/airflow/dags/DAG_urbania.py                           1           0  0.15s           2026-01-30T22:35:14
================================================================================
[2026-01-30T22:36:06.910+0000] {manager.py:879} INFO - 
================================================================================
DAG File Processing Stats

File Path                         PID    Runtime      # DAGs    # Errors  Last Runtime    Last Run
--------------------------------  -----  ---------  --------  ----------  --------------  -------------------
/opt/airflow/dags/DAG_urbania.py                           1           0  0.15s           2026-01-30T22:35:46
================================================================================
[2026-01-30T22:36:38.899+0000] {manager.py:879} INFO - 
================================================================================
DAG File Processing Stats

File Path                         PID    Runtime      # DAGs    # Errors  Last Runtime    Last Run
--------------------------------  -----  ---------  --------  ----------  --------------  -------------------
/opt/airflow/dags/DAG_urbania.py                           1           0  0.16s           2026-01-30T22:36:18
================================================================================
[2026-01-30T22:37:11.022+0000] {manager.py:879} INFO - 
================================================================================
DAG File Processing Stats

File Path                         PID    Runtime      # DAGs    # Errors  Last Runtime    Last Run
--------------------------------  -----  ---------  --------  ----------  --------------  -------------------
/opt/airflow/dags/DAG_urbania.py                           1           0  0.13s           2026-01-30T22:36:50
================================================================================
[2026-01-30T22:37:42.985+0000] {manager.py:879} INFO - 
================================================================================
DAG File Processing Stats

File Path                         PID    Runtime      # DAGs    # Errors  Last Runtime    Last Run
--------------------------------  -----  ---------  --------  ----------  --------------  -------------------
/opt/airflow/dags/DAG_urbania.py                           1           0  0.19s           2026-01-30T22:37:23
================================================================================
[2026-01-30T22:38:15.062+0000] {manager.py:879} INFO - 
================================================================================
DAG File Processing Stats

File Path                         PID    Runtime      # DAGs    # Errors  Last Runtime    Last Run
--------------------------------  -----  ---------  --------  ----------  --------------  -------------------
/opt/airflow/dags/DAG_urbania.py                           1           0  0.18s           2026-01-30T22:37:54
================================================================================
[2026-01-30T22:38:47.053+0000] {manager.py:879} INFO - 
================================================================================
DAG File Processing Stats

File Path                         PID    Runtime      # DAGs    # Errors  Last Runtime    Last Run
--------------------------------  -----  ---------  --------  ----------  --------------  -------------------
/opt/airflow/dags/DAG_urbania.py                           1           0  0.17s           2026-01-30T22:38:26
================================================================================
[2026-01-30T22:39:12.151+0000] {manager.py:738} INFO - Searching for files in /opt/airflow/dags
[2026-01-30T22:39:12.166+0000] {manager.py:741} INFO - There are 1 files in /opt/airflow/dags
[2026-01-30T22:39:19.206+0000] {manager.py:879} INFO - 
================================================================================
DAG File Processing Stats

File Path                         PID    Runtime      # DAGs    # Errors  Last Runtime    Last Run
--------------------------------  -----  ---------  --------  ----------  --------------  -------------------
/opt/airflow/dags/DAG_urbania.py                           1           0  0.15s           2026-01-30T22:38:58
================================================================================
[2026-01-30T22:39:51.181+0000] {manager.py:879} INFO - 
================================================================================
DAG File Processing Stats

File Path                         PID    Runtime      # DAGs    # Errors  Last Runtime    Last Run
--------------------------------  -----  ---------  --------  ----------  --------------  -------------------
/opt/airflow/dags/DAG_urbania.py                           1           0  0.15s           2026-01-30T22:39:30
================================================================================
[2026-01-30T22:40:23.237+0000] {manager.py:879} INFO - 
================================================================================
DAG File Processing Stats

File Path                         PID    Runtime      # DAGs    # Errors  Last Runtime    Last Run
--------------------------------  -----  ---------  --------  ----------  --------------  -------------------
/opt/airflow/dags/DAG_urbania.py                           1           0  0.18s           2026-01-30T22:40:01
================================================================================
[2026-01-30T22:40:55.367+0000] {manager.py:879} INFO - 
================================================================================
DAG File Processing Stats

File Path                         PID    Runtime      # DAGs    # Errors  Last Runtime    Last Run
--------------------------------  -----  ---------  --------  ----------  --------------  -------------------
/opt/airflow/dags/DAG_urbania.py                           1           0  0.17s           2026-01-30T22:40:33
================================================================================
[2026-01-30T22:41:27.359+0000] {manager.py:879} INFO - 
================================================================================
DAG File Processing Stats

File Path                         PID    Runtime      # DAGs    # Errors  Last Runtime    Last Run
--------------------------------  -----  ---------  --------  ----------  --------------  -------------------
/opt/airflow/dags/DAG_urbania.py                           1           0  0.13s           2026-01-30T22:41:05
================================================================================
[2026-01-30T22:41:59.471+0000] {manager.py:879} INFO - 
================================================================================
DAG File Processing Stats

File Path                         PID    Runtime      # DAGs    # Errors  Last Runtime    Last Run
--------------------------------  -----  ---------  --------  ----------  --------------  -------------------
/opt/airflow/dags/DAG_urbania.py                           1           0  0.13s           2026-01-30T22:41:37
================================================================================
[2026-01-30T22:42:31.402+0000] {manager.py:879} INFO - 
================================================================================
DAG File Processing Stats

File Path                         PID    Runtime      # DAGs    # Errors  Last Runtime    Last Run
--------------------------------  -----  ---------  --------  ----------  --------------  -------------------
/opt/airflow/dags/DAG_urbania.py                           1           0  0.14s           2026-01-30T22:42:09
================================================================================
[2026-01-30T22:43:03.503+0000] {manager.py:879} INFO - 
================================================================================
DAG File Processing Stats

File Path                         PID    Runtime      # DAGs    # Errors  Last Runtime    Last Run
--------------------------------  -----  ---------  --------  ----------  --------------  -------------------
/opt/airflow/dags/DAG_urbania.py                           1           0  0.28s           2026-01-30T22:42:40
================================================================================
[2026-01-30T22:43:35.493+0000] {manager.py:879} INFO - 
================================================================================
DAG File Processing Stats

File Path                         PID    Runtime      # DAGs    # Errors  Last Runtime    Last Run
--------------------------------  -----  ---------  --------  ----------  --------------  -------------------
/opt/airflow/dags/DAG_urbania.py                           1           0  0.14s           2026-01-30T22:43:12
================================================================================
[2026-02-17T23:21:39.144+0000] {manager.py:469} INFO - Processing files using up to 2 processes at a time 
[2026-02-17T23:21:39.145+0000] {manager.py:470} INFO - Process each file at most once every 30 seconds
[2026-02-17T23:21:39.146+0000] {manager.py:471} INFO - Checking for new files in /opt/airflow/dags every 300 seconds
[2026-02-17T23:21:39.147+0000] {manager.py:738} INFO - Searching for files in /opt/airflow/dags
[2026-02-17T23:21:39.162+0000] {manager.py:741} INFO - There are 1 files in /opt/airflow/dags
[2026-02-17T23:21:39.523+0000] {manager.py:879} INFO - 
================================================================================
DAG File Processing Stats

File Path                           PID  Runtime      # DAGs    # Errors  Last Runtime    Last Run
--------------------------------  -----  ---------  --------  ----------  --------------  ----------
/opt/airflow/dags/DAG_urbania.py    199  0.04s             0           0
================================================================================
[2026-02-17T23:22:12.392+0000] {manager.py:879} INFO - 
================================================================================
DAG File Processing Stats

File Path                         PID    Runtime      # DAGs    # Errors  Last Runtime    Last Run
--------------------------------  -----  ---------  --------  ----------  --------------  -------------------
/opt/airflow/dags/DAG_urbania.py                           1           0  0.15s           2026-02-17T23:22:10
================================================================================
[2026-02-17T23:22:45.370+0000] {manager.py:879} INFO - 
================================================================================
DAG File Processing Stats

File Path                         PID    Runtime      # DAGs    # Errors  Last Runtime    Last Run
--------------------------------  -----  ---------  --------  ----------  --------------  -------------------
/opt/airflow/dags/DAG_urbania.py                           1           0  0.14s           2026-02-17T23:22:42
================================================================================
[2026-02-17T23:23:18.254+0000] {manager.py:879} INFO - 
================================================================================
DAG File Processing Stats

File Path                         PID    Runtime      # DAGs    # Errors  Last Runtime    Last Run
--------------------------------  -----  ---------  --------  ----------  --------------  -------------------
/opt/airflow/dags/DAG_urbania.py                           1           0  0.14s           2026-02-17T23:23:15
================================================================================
[2026-02-17T23:23:51.213+0000] {manager.py:879} INFO - 
================================================================================
DAG File Processing Stats

File Path                         PID    Runtime      # DAGs    # Errors  Last Runtime    Last Run
--------------------------------  -----  ---------  --------  ----------  --------------  -------------------
/opt/airflow/dags/DAG_urbania.py                           1           0  0.14s           2026-02-17T23:23:48
================================================================================
[2026-02-17T23:24:24.105+0000] {manager.py:879} INFO - 
================================================================================
DAG File Processing Stats

File Path                         PID    Runtime      # DAGs    # Errors  Last Runtime    Last Run
--------------------------------  -----  ---------  --------  ----------  --------------  -------------------
/opt/airflow/dags/DAG_urbania.py                           1           0  0.14s           2026-02-17T23:24:21
================================================================================
[2026-02-17T23:24:57.055+0000] {manager.py:879} INFO - 
================================================================================
DAG File Processing Stats

File Path                         PID    Runtime      # DAGs    # Errors  Last Runtime    Last Run
--------------------------------  -----  ---------  --------  ----------  --------------  -------------------
/opt/airflow/dags/DAG_urbania.py                           1           0  0.13s           2026-02-17T23:24:53
================================================================================
[2026-02-17T23:25:29.923+0000] {manager.py:879} INFO - 
================================================================================
DAG File Processing Stats

File Path                         PID    Runtime      # DAGs    # Errors  Last Runtime    Last Run
--------------------------------  -----  ---------  --------  ----------  --------------  -------------------
/opt/airflow/dags/DAG_urbania.py                           1           0  0.13s           2026-02-17T23:25:26
================================================================================
[2026-02-17T23:26:02.880+0000] {manager.py:879} INFO - 
================================================================================
DAG File Processing Stats

File Path                         PID    Runtime      # DAGs    # Errors  Last Runtime    Last Run
--------------------------------  -----  ---------  --------  ----------  --------------  -------------------
/opt/airflow/dags/DAG_urbania.py                           1           0  0.13s           2026-02-17T23:25:58
================================================================================
[2026-02-17T23:26:35.751+0000] {manager.py:879} INFO - 
================================================================================
DAG File Processing Stats

File Path                         PID    Runtime      # DAGs    # Errors  Last Runtime    Last Run
--------------------------------  -----  ---------  --------  ----------  --------------  -------------------
/opt/airflow/dags/DAG_urbania.py                           1           0  0.13s           2026-02-17T23:26:31
================================================================================
[2026-02-17T23:26:39.768+0000] {manager.py:738} INFO - Searching for files in /opt/airflow/dags
[2026-02-17T23:26:39.783+0000] {manager.py:741} INFO - There are 1 files in /opt/airflow/dags
[2026-02-17T23:27:08.706+0000] {manager.py:879} INFO - 
================================================================================
DAG File Processing Stats

File Path                         PID    Runtime      # DAGs    # Errors  Last Runtime    Last Run
--------------------------------  -----  ---------  --------  ----------  --------------  -------------------
/opt/airflow/dags/DAG_urbania.py                           1           0  0.16s           2026-02-17T23:27:04
================================================================================
[2026-02-17T23:27:41.649+0000] {manager.py:879} INFO - 
================================================================================
DAG File Processing Stats

File Path                         PID    Runtime      # DAGs    # Errors  Last Runtime    Last Run
--------------------------------  -----  ---------  --------  ----------  --------------  -------------------
/opt/airflow/dags/DAG_urbania.py                           1           0  0.14s           2026-02-17T23:27:36
================================================================================
[2026-02-17T23:28:14.549+0000] {manager.py:879} INFO - 
================================================================================
DAG File Processing Stats

File Path                         PID    Runtime      # DAGs    # Errors  Last Runtime    Last Run
--------------------------------  -----  ---------  --------  ----------  --------------  -------------------
/opt/airflow/dags/DAG_urbania.py                           1           0  0.14s           2026-02-17T23:28:09
================================================================================
[2026-02-17T23:28:47.482+0000] {manager.py:879} INFO - 
================================================================================
DAG File Processing Stats

File Path                         PID    Runtime      # DAGs    # Errors  Last Runtime    Last Run
--------------------------------  -----  ---------  --------  ----------  --------------  -------------------
/opt/airflow/dags/DAG_urbania.py                           1           0  0.13s           2026-02-17T23:28:42
================================================================================
[2026-02-17T23:29:20.366+0000] {manager.py:879} INFO - 
================================================================================
DAG File Processing Stats

File Path                         PID    Runtime      # DAGs    # Errors  Last Runtime    Last Run
--------------------------------  -----  ---------  --------  ----------  --------------  -------------------
/opt/airflow/dags/DAG_urbania.py                           1           0  0.13s           2026-02-17T23:29:15
================================================================================
[2026-02-17T23:29:53.308+0000] {manager.py:879} INFO - 
================================================================================
DAG File Processing Stats

File Path                         PID    Runtime      # DAGs    # Errors  Last Runtime    Last Run
--------------------------------  -----  ---------  --------  ----------  --------------  -------------------
/opt/airflow/dags/DAG_urbania.py                           1           0  0.13s           2026-02-17T23:29:48
================================================================================
[2026-02-17T23:30:26.182+0000] {manager.py:879} INFO - 
================================================================================
DAG File Processing Stats

File Path                         PID    Runtime      # DAGs    # Errors  Last Runtime    Last Run
--------------------------------  -----  ---------  --------  ----------  --------------  -------------------
/opt/airflow/dags/DAG_urbania.py                           1           0  0.14s           2026-02-17T23:30:20
================================================================================
[2026-02-17T23:30:59.151+0000] {manager.py:879} INFO - 
================================================================================
DAG File Processing Stats

File Path                         PID    Runtime      # DAGs    # Errors  Last Runtime    Last Run
--------------------------------  -----  ---------  --------  ----------  --------------  -------------------
/opt/airflow/dags/DAG_urbania.py                           1           0  0.15s           2026-02-17T23:30:53
================================================================================
[2026-02-17T23:31:32.029+0000] {manager.py:879} INFO - 
================================================================================
DAG File Processing Stats

File Path                         PID    Runtime      # DAGs    # Errors  Last Runtime    Last Run
--------------------------------  -----  ---------  --------  ----------  --------------  -------------------
/opt/airflow/dags/DAG_urbania.py                           1           0  0.14s           2026-02-17T23:31:26
================================================================================
[2026-02-17T23:31:40.063+0000] {manager.py:738} INFO - Searching for files in /opt/airflow/dags
[2026-02-17T23:31:40.077+0000] {manager.py:741} INFO - There are 1 files in /opt/airflow/dags
[2026-02-17T23:32:04.969+0000] {manager.py:879} INFO - 
================================================================================
DAG File Processing Stats

File Path                         PID    Runtime      # DAGs    # Errors  Last Runtime    Last Run
--------------------------------  -----  ---------  --------  ----------  --------------  -------------------
/opt/airflow/dags/DAG_urbania.py                           1           0  0.14s           2026-02-17T23:31:59
================================================================================
[2026-02-17T23:32:37.877+0000] {manager.py:879} INFO - 
================================================================================
DAG File Processing Stats

File Path                         PID    Runtime      # DAGs    # Errors  Last Runtime    Last Run
--------------------------------  -----  ---------  --------  ----------  --------------  -------------------
/opt/airflow/dags/DAG_urbania.py                           1           0  0.13s           2026-02-17T23:32:31
================================================================================
[2026-02-17T23:33:10.797+0000] {manager.py:879} INFO - 
================================================================================
DAG File Processing Stats

File Path                         PID    Runtime      # DAGs    # Errors  Last Runtime    Last Run
--------------------------------  -----  ---------  --------  ----------  --------------  -------------------
/opt/airflow/dags/DAG_urbania.py                           1           0  0.15s           2026-02-17T23:33:03
================================================================================
[2026-02-17T23:33:43.776+0000] {manager.py:879} INFO - 
================================================================================
DAG File Processing Stats

File Path                         PID    Runtime      # DAGs    # Errors  Last Runtime    Last Run
--------------------------------  -----  ---------  --------  ----------  --------------  -------------------
/opt/airflow/dags/DAG_urbania.py                           1           0  0.14s           2026-02-17T23:33:36
================================================================================
[2026-02-17T23:34:16.648+0000] {manager.py:879} INFO - 
================================================================================
DAG File Processing Stats

File Path                         PID    Runtime      # DAGs    # Errors  Last Runtime    Last Run
--------------------------------  -----  ---------  --------  ----------  --------------  -------------------
/opt/airflow/dags/DAG_urbania.py                           1           0  0.13s           2026-02-17T23:34:09
================================================================================
[2026-02-17T23:34:49.599+0000] {manager.py:879} INFO - 
================================================================================
DAG File Processing Stats

File Path                         PID    Runtime      # DAGs    # Errors  Last Runtime    Last Run
--------------------------------  -----  ---------  --------  ----------  --------------  -------------------
/opt/airflow/dags/DAG_urbania.py                           1           0  0.14s           2026-02-17T23:34:42
================================================================================
[2026-02-17T23:35:22.473+0000] {manager.py:879} INFO - 
================================================================================
DAG File Processing Stats

File Path                         PID    Runtime      # DAGs    # Errors  Last Runtime    Last Run
--------------------------------  -----  ---------  --------  ----------  --------------  -------------------
/opt/airflow/dags/DAG_urbania.py                           1           0  0.13s           2026-02-17T23:35:15
================================================================================
[2026-02-17T23:35:55.438+0000] {manager.py:879} INFO - 
================================================================================
DAG File Processing Stats

File Path                         PID    Runtime      # DAGs    # Errors  Last Runtime    Last Run
--------------------------------  -----  ---------  --------  ----------  --------------  -------------------
/opt/airflow/dags/DAG_urbania.py                           1           0  0.13s           2026-02-17T23:35:47
================================================================================
[2026-02-17T23:36:28.443+0000] {manager.py:879} INFO - 
================================================================================
DAG File Processing Stats

File Path                         PID    Runtime      # DAGs    # Errors  Last Runtime    Last Run
--------------------------------  -----  ---------  --------  ----------  --------------  -------------------
/opt/airflow/dags/DAG_urbania.py                           1           0  0.15s           2026-02-17T23:36:20
================================================================================
[2026-02-17T23:36:40.488+0000] {manager.py:738} INFO - Searching for files in /opt/airflow/dags
[2026-02-17T23:36:40.502+0000] {manager.py:741} INFO - There are 1 files in /opt/airflow/dags
[2026-02-17T23:37:01.285+0000] {manager.py:879} INFO - 
================================================================================
DAG File Processing Stats

File Path                         PID    Runtime      # DAGs    # Errors  Last Runtime    Last Run
--------------------------------  -----  ---------  --------  ----------  --------------  -------------------
/opt/airflow/dags/DAG_urbania.py                           1           0  0.12s           2026-02-17T23:36:53
================================================================================
[2026-02-17T23:37:34.222+0000] {manager.py:879} INFO - 
================================================================================
DAG File Processing Stats

File Path                         PID    Runtime      # DAGs    # Errors  Last Runtime    Last Run
--------------------------------  -----  ---------  --------  ----------  --------------  -------------------
/opt/airflow/dags/DAG_urbania.py                           1           0  0.14s           2026-02-17T23:37:26
================================================================================
[2026-02-17T23:38:07.126+0000] {manager.py:879} INFO - 
================================================================================
DAG File Processing Stats

File Path                         PID    Runtime      # DAGs    # Errors  Last Runtime    Last Run
--------------------------------  -----  ---------  --------  ----------  --------------  -------------------
/opt/airflow/dags/DAG_urbania.py                           1           0  0.13s           2026-02-17T23:37:59
================================================================================
[2026-02-17T23:38:40.057+0000] {manager.py:879} INFO - 
================================================================================
DAG File Processing Stats

File Path                         PID    Runtime      # DAGs    # Errors  Last Runtime    Last Run
--------------------------------  -----  ---------  --------  ----------  --------------  -------------------
/opt/airflow/dags/DAG_urbania.py                           1           0  0.14s           2026-02-17T23:38:32
================================================================================
[2026-02-17T23:39:12.945+0000] {manager.py:879} INFO - 
================================================================================
DAG File Processing Stats

File Path                         PID    Runtime      # DAGs    # Errors  Last Runtime    Last Run
--------------------------------  -----  ---------  --------  ----------  --------------  -------------------
/opt/airflow/dags/DAG_urbania.py                           1           0  0.13s           2026-02-17T23:39:04
================================================================================
[2026-02-17T23:39:45.882+0000] {manager.py:879} INFO - 
================================================================================
DAG File Processing Stats

File Path                         PID    Runtime      # DAGs    # Errors  Last Runtime    Last Run
--------------------------------  -----  ---------  --------  ----------  --------------  -------------------
/opt/airflow/dags/DAG_urbania.py                           1           0  0.13s           2026-02-17T23:39:36
================================================================================
[2026-02-17T23:40:18.769+0000] {manager.py:879} INFO - 
================================================================================
DAG File Processing Stats

File Path                         PID    Runtime      # DAGs    # Errors  Last Runtime    Last Run
--------------------------------  -----  ---------  --------  ----------  --------------  -------------------
/opt/airflow/dags/DAG_urbania.py                           1           0  0.15s           2026-02-17T23:40:09
================================================================================
[2026-02-17T23:40:51.716+0000] {manager.py:879} INFO - 
================================================================================
DAG File Processing Stats

File Path                         PID    Runtime      # DAGs    # Errors  Last Runtime    Last Run
--------------------------------  -----  ---------  --------  ----------  --------------  -------------------
/opt/airflow/dags/DAG_urbania.py                           1           0  0.13s           2026-02-17T23:40:42
================================================================================
[2026-02-17T23:41:24.588+0000] {manager.py:879} INFO - 
================================================================================
DAG File Processing Stats

File Path                         PID    Runtime      # DAGs    # Errors  Last Runtime    Last Run
--------------------------------  -----  ---------  --------  ----------  --------------  -------------------
/opt/airflow/dags/DAG_urbania.py                           1           0  0.12s           2026-02-17T23:41:15
================================================================================
[2026-02-17T23:41:40.656+0000] {manager.py:738} INFO - Searching for files in /opt/airflow/dags
[2026-02-17T23:41:40.671+0000] {manager.py:741} INFO - There are 1 files in /opt/airflow/dags
[2026-02-17T23:41:57.539+0000] {manager.py:879} INFO - 
================================================================================
DAG File Processing Stats

File Path                         PID    Runtime      # DAGs    # Errors  Last Runtime    Last Run
--------------------------------  -----  ---------  --------  ----------  --------------  -------------------
/opt/airflow/dags/DAG_urbania.py                           1           0  0.13s           2026-02-17T23:41:47
================================================================================
[2026-02-17T23:42:30.433+0000] {manager.py:879} INFO - 
================================================================================
DAG File Processing Stats

File Path                         PID    Runtime      # DAGs    # Errors  Last Runtime    Last Run
--------------------------------  -----  ---------  --------  ----------  --------------  -------------------
/opt/airflow/dags/DAG_urbania.py                           1           0  0.13s           2026-02-17T23:42:20
================================================================================
[2026-02-17T23:43:03.370+0000] {manager.py:879} INFO - 
================================================================================
DAG File Processing Stats

File Path                         PID    Runtime      # DAGs    # Errors  Last Runtime    Last Run
--------------------------------  -----  ---------  --------  ----------  --------------  -------------------
/opt/airflow/dags/DAG_urbania.py                           1           0  0.13s           2026-02-17T23:42:53
================================================================================
[2026-02-17T23:43:36.243+0000] {manager.py:879} INFO - 
================================================================================
DAG File Processing Stats

File Path                         PID    Runtime      # DAGs    # Errors  Last Runtime    Last Run
--------------------------------  -----  ---------  --------  ----------  --------------  -------------------
/opt/airflow/dags/DAG_urbania.py                           1           0  0.14s           2026-02-17T23:43:26
================================================================================
[2026-02-17T23:44:09.203+0000] {manager.py:879} INFO - 
================================================================================
DAG File Processing Stats

File Path                         PID    Runtime      # DAGs    # Errors  Last Runtime    Last Run
--------------------------------  -----  ---------  --------  ----------  --------------  -------------------
/opt/airflow/dags/DAG_urbania.py                           1           0  0.13s           2026-02-17T23:43:59
================================================================================
[2026-02-17T23:44:42.060+0000] {manager.py:879} INFO - 
================================================================================
DAG File Processing Stats

File Path                         PID    Runtime      # DAGs    # Errors  Last Runtime    Last Run
--------------------------------  -----  ---------  --------  ----------  --------------  -------------------
/opt/airflow/dags/DAG_urbania.py                           1           0  0.13s           2026-02-17T23:44:32
================================================================================
[2026-02-17T23:45:15.016+0000] {manager.py:879} INFO - 
================================================================================
DAG File Processing Stats

File Path                         PID    Runtime      # DAGs    # Errors  Last Runtime    Last Run
--------------------------------  -----  ---------  --------  ----------  --------------  -------------------
/opt/airflow/dags/DAG_urbania.py                           1           0  0.13s           2026-02-17T23:45:04
================================================================================
[2026-02-17T23:45:47.881+0000] {manager.py:879} INFO - 
================================================================================
DAG File Processing Stats

File Path                         PID    Runtime      # DAGs    # Errors  Last Runtime    Last Run
--------------------------------  -----  ---------  --------  ----------  --------------  -------------------
/opt/airflow/dags/DAG_urbania.py                           1           0  0.12s           2026-02-17T23:45:36
================================================================================
[2026-02-17T23:46:20.822+0000] {manager.py:879} INFO - 
================================================================================
DAG File Processing Stats

File Path                         PID    Runtime      # DAGs    # Errors  Last Runtime    Last Run
--------------------------------  -----  ---------  --------  ----------  --------------  -------------------
/opt/airflow/dags/DAG_urbania.py                           1           0  0.14s           2026-02-17T23:46:09
================================================================================
[2026-02-17T23:46:42.621+0000] {manager.py:738} INFO - Searching for files in /opt/airflow/dags
[2026-02-17T23:46:42.635+0000] {manager.py:741} INFO - There are 1 files in /opt/airflow/dags
[2026-02-17T23:46:53.705+0000] {manager.py:879} INFO - 
================================================================================
DAG File Processing Stats

File Path                         PID    Runtime      # DAGs    # Errors  Last Runtime    Last Run
--------------------------------  -----  ---------  --------  ----------  --------------  -------------------
/opt/airflow/dags/DAG_urbania.py                           1           0  0.14s           2026-02-17T23:46:42
================================================================================
[2026-02-17T23:47:26.672+0000] {manager.py:879} INFO - 
================================================================================
DAG File Processing Stats

File Path                         PID    Runtime      # DAGs    # Errors  Last Runtime    Last Run
--------------------------------  -----  ---------  --------  ----------  --------------  -------------------
/opt/airflow/dags/DAG_urbania.py                           1           0  0.14s           2026-02-17T23:47:15
================================================================================
[2026-02-17T23:47:59.551+0000] {manager.py:879} INFO - 
================================================================================
DAG File Processing Stats

File Path                         PID    Runtime      # DAGs    # Errors  Last Runtime    Last Run
--------------------------------  -----  ---------  --------  ----------  --------------  -------------------
/opt/airflow/dags/DAG_urbania.py                           1           0  0.13s           2026-02-17T23:47:47
================================================================================
[2026-02-17T23:48:32.499+0000] {manager.py:879} INFO - 
================================================================================
DAG File Processing Stats

File Path                         PID    Runtime      # DAGs    # Errors  Last Runtime    Last Run
--------------------------------  -----  ---------  --------  ----------  --------------  -------------------
/opt/airflow/dags/DAG_urbania.py                           1           0  0.14s           2026-02-17T23:48:20
================================================================================
[2026-02-17T23:49:05.386+0000] {manager.py:879} INFO - 
================================================================================
DAG File Processing Stats

File Path                         PID    Runtime      # DAGs    # Errors  Last Runtime    Last Run
--------------------------------  -----  ---------  --------  ----------  --------------  -------------------
/opt/airflow/dags/DAG_urbania.py                           1           0  0.13s           2026-02-17T23:48:53
================================================================================
[2026-02-17T23:49:38.315+0000] {manager.py:879} INFO - 
================================================================================
DAG File Processing Stats

File Path                         PID    Runtime      # DAGs    # Errors  Last Runtime    Last Run
--------------------------------  -----  ---------  --------  ----------  --------------  -------------------
/opt/airflow/dags/DAG_urbania.py                           1           0  0.13s           2026-02-17T23:49:26
================================================================================
[2026-02-17T23:50:11.218+0000] {manager.py:879} INFO - 
================================================================================
DAG File Processing Stats

File Path                         PID    Runtime      # DAGs    # Errors  Last Runtime    Last Run
--------------------------------  -----  ---------  --------  ----------  --------------  -------------------
/opt/airflow/dags/DAG_urbania.py                           1           0  0.14s           2026-02-17T23:49:59
================================================================================
[2026-02-17T23:50:44.156+0000] {manager.py:879} INFO - 
================================================================================
DAG File Processing Stats

File Path                         PID    Runtime      # DAGs    # Errors  Last Runtime    Last Run
--------------------------------  -----  ---------  --------  ----------  --------------  -------------------
/opt/airflow/dags/DAG_urbania.py                           1           0  0.14s           2026-02-17T23:50:32
================================================================================
[2026-02-17T23:51:17.051+0000] {manager.py:879} INFO - 
================================================================================
DAG File Processing Stats

File Path                         PID    Runtime      # DAGs    # Errors  Last Runtime    Last Run
--------------------------------  -----  ---------  --------  ----------  --------------  -------------------
/opt/airflow/dags/DAG_urbania.py                           1           0  0.14s           2026-02-17T23:51:04
================================================================================
[2026-02-17T23:51:42.993+0000] {manager.py:738} INFO - Searching for files in /opt/airflow/dags
[2026-02-17T23:51:43.008+0000] {manager.py:741} INFO - There are 1 files in /opt/airflow/dags
[2026-02-17T23:51:50.049+0000] {manager.py:879} INFO - 
================================================================================
DAG File Processing Stats

File Path                         PID    Runtime      # DAGs    # Errors  Last Runtime    Last Run
--------------------------------  -----  ---------  --------  ----------  --------------  -------------------
/opt/airflow/dags/DAG_urbania.py                           1           0  0.14s           2026-02-17T23:51:36
================================================================================
[2026-02-17T23:52:22.916+0000] {manager.py:879} INFO - 
================================================================================
DAG File Processing Stats

File Path                         PID    Runtime      # DAGs    # Errors  Last Runtime    Last Run
--------------------------------  -----  ---------  --------  ----------  --------------  -------------------
/opt/airflow/dags/DAG_urbania.py                           1           0  0.16s           2026-02-17T23:52:10
================================================================================
[2026-02-17T23:52:55.902+0000] {manager.py:879} INFO - 
================================================================================
DAG File Processing Stats

File Path                         PID    Runtime      # DAGs    # Errors  Last Runtime    Last Run
--------------------------------  -----  ---------  --------  ----------  --------------  -------------------
/opt/airflow/dags/DAG_urbania.py                           1           0  0.17s           2026-02-17T23:52:42
================================================================================
[2026-02-17T23:53:28.784+0000] {manager.py:879} INFO - 
================================================================================
DAG File Processing Stats

File Path                         PID    Runtime      # DAGs    # Errors  Last Runtime    Last Run
--------------------------------  -----  ---------  --------  ----------  --------------  -------------------
/opt/airflow/dags/DAG_urbania.py                           1           0  0.14s           2026-02-17T23:53:15
================================================================================
[2026-02-17T23:54:01.736+0000] {manager.py:879} INFO - 
================================================================================
DAG File Processing Stats

File Path                         PID    Runtime      # DAGs    # Errors  Last Runtime    Last Run
--------------------------------  -----  ---------  --------  ----------  --------------  -------------------
/opt/airflow/dags/DAG_urbania.py                           1           0  0.14s           2026-02-17T23:53:47
================================================================================
[2026-02-17T23:54:34.600+0000] {manager.py:879} INFO - 
================================================================================
DAG File Processing Stats

File Path                         PID    Runtime      # DAGs    # Errors  Last Runtime    Last Run
--------------------------------  -----  ---------  --------  ----------  --------------  -------------------
/opt/airflow/dags/DAG_urbania.py                           1           0  0.15s           2026-02-17T23:54:20
================================================================================
[2026-02-17T23:55:07.577+0000] {manager.py:879} INFO - 
================================================================================
DAG File Processing Stats

File Path                         PID    Runtime      # DAGs    # Errors  Last Runtime    Last Run
--------------------------------  -----  ---------  --------  ----------  --------------  -------------------
/opt/airflow/dags/DAG_urbania.py                           1           0  0.13s           2026-02-17T23:54:53
================================================================================
[2026-02-17T23:55:40.448+0000] {manager.py:879} INFO - 
================================================================================
DAG File Processing Stats

File Path                         PID    Runtime      # DAGs    # Errors  Last Runtime    Last Run
--------------------------------  -----  ---------  --------  ----------  --------------  -------------------
/opt/airflow/dags/DAG_urbania.py                           1           0  0.13s           2026-02-17T23:55:26
================================================================================
[2026-02-17T23:56:13.400+0000] {manager.py:879} INFO - 
================================================================================
DAG File Processing Stats

File Path                         PID    Runtime      # DAGs    # Errors  Last Runtime    Last Run
--------------------------------  -----  ---------  --------  ----------  --------------  -------------------
/opt/airflow/dags/DAG_urbania.py                           1           0  0.14s           2026-02-17T23:55:59
================================================================================
[2026-02-17T23:56:43.259+0000] {manager.py:738} INFO - Searching for files in /opt/airflow/dags
[2026-02-17T23:56:43.272+0000] {manager.py:741} INFO - There are 1 files in /opt/airflow/dags
[2026-02-17T23:56:46.295+0000] {manager.py:879} INFO - 
================================================================================
DAG File Processing Stats

File Path                         PID    Runtime      # DAGs    # Errors  Last Runtime    Last Run
--------------------------------  -----  ---------  --------  ----------  --------------  -------------------
/opt/airflow/dags/DAG_urbania.py                           1           0  0.13s           2026-02-17T23:56:31
================================================================================
[2026-02-17T23:57:19.216+0000] {manager.py:879} INFO - 
================================================================================
DAG File Processing Stats

File Path                         PID    Runtime      # DAGs    # Errors  Last Runtime    Last Run
--------------------------------  -----  ---------  --------  ----------  --------------  -------------------
/opt/airflow/dags/DAG_urbania.py                           1           0  0.13s           2026-02-17T23:57:04
================================================================================
[2026-02-17T23:57:52.106+0000] {manager.py:879} INFO - 
================================================================================
DAG File Processing Stats

File Path                         PID    Runtime      # DAGs    # Errors  Last Runtime    Last Run
--------------------------------  -----  ---------  --------  ----------  --------------  -------------------
/opt/airflow/dags/DAG_urbania.py                           1           0  0.13s           2026-02-17T23:57:37
================================================================================
[2026-02-17T23:58:25.047+0000] {manager.py:879} INFO - 
================================================================================
DAG File Processing Stats

File Path                         PID    Runtime      # DAGs    # Errors  Last Runtime    Last Run
--------------------------------  -----  ---------  --------  ----------  --------------  -------------------
/opt/airflow/dags/DAG_urbania.py                           1           0  0.13s           2026-02-17T23:58:10
================================================================================
[2026-02-17T23:58:57.943+0000] {manager.py:879} INFO - 
================================================================================
DAG File Processing Stats

File Path                         PID    Runtime      # DAGs    # Errors  Last Runtime    Last Run
--------------------------------  -----  ---------  --------  ----------  --------------  -------------------
/opt/airflow/dags/DAG_urbania.py                           1           0  0.12s           2026-02-17T23:58:42
================================================================================
[2026-02-17T23:59:30.848+0000] {manager.py:879} INFO - 
================================================================================
DAG File Processing Stats

File Path                         PID    Runtime      # DAGs    # Errors  Last Runtime    Last Run
--------------------------------  -----  ---------  --------  ----------  --------------  -------------------
/opt/airflow/dags/DAG_urbania.py                           1           0  0.12s           2026-02-17T23:59:15
================================================================================
[2026-02-18T00:00:03.756+0000] {manager.py:879} INFO - 
================================================================================
DAG File Processing Stats

File Path                         PID    Runtime      # DAGs    # Errors  Last Runtime    Last Run
--------------------------------  -----  ---------  --------  ----------  --------------  -------------------
/opt/airflow/dags/DAG_urbania.py                           1           0  0.12s           2026-02-17T23:59:47
================================================================================
[2026-02-18T00:00:36.662+0000] {manager.py:879} INFO - 
================================================================================
DAG File Processing Stats

File Path                         PID    Runtime      # DAGs    # Errors  Last Runtime    Last Run
--------------------------------  -----  ---------  --------  ----------  --------------  -------------------
/opt/airflow/dags/DAG_urbania.py                           1           0  0.13s           2026-02-18T00:00:20
================================================================================
[2026-02-18T00:01:09.567+0000] {manager.py:879} INFO - 
================================================================================
DAG File Processing Stats

File Path                         PID    Runtime      # DAGs    # Errors  Last Runtime    Last Run
--------------------------------  -----  ---------  --------  ----------  --------------  -------------------
/opt/airflow/dags/DAG_urbania.py                           1           0  0.12s           2026-02-18T00:00:53
================================================================================
[2026-02-18T00:01:42.462+0000] {manager.py:879} INFO - 
================================================================================
DAG File Processing Stats

File Path                         PID    Runtime      # DAGs    # Errors  Last Runtime    Last Run
--------------------------------  -----  ---------  --------  ----------  --------------  -------------------
/opt/airflow/dags/DAG_urbania.py                           1           0  0.12s           2026-02-18T00:01:26
================================================================================
[2026-02-18T00:01:43.467+0000] {manager.py:738} INFO - Searching for files in /opt/airflow/dags
[2026-02-18T00:01:43.481+0000] {manager.py:741} INFO - There are 1 files in /opt/airflow/dags
[2026-02-18T00:02:15.382+0000] {manager.py:879} INFO - 
================================================================================
DAG File Processing Stats

File Path                         PID    Runtime      # DAGs    # Errors  Last Runtime    Last Run
--------------------------------  -----  ---------  --------  ----------  --------------  -------------------
/opt/airflow/dags/DAG_urbania.py                           1           0  0.14s           2026-02-18T00:01:59
================================================================================
[2026-02-18T00:02:48.319+0000] {manager.py:879} INFO - 
================================================================================
DAG File Processing Stats

File Path                         PID    Runtime      # DAGs    # Errors  Last Runtime    Last Run
--------------------------------  -----  ---------  --------  ----------  --------------  -------------------
/opt/airflow/dags/DAG_urbania.py                           1           0  0.13s           2026-02-18T00:02:31
================================================================================
[2026-02-18T00:03:21.279+0000] {manager.py:879} INFO - 
================================================================================
DAG File Processing Stats

File Path                         PID    Runtime      # DAGs    # Errors  Last Runtime    Last Run
--------------------------------  -----  ---------  --------  ----------  --------------  -------------------
/opt/airflow/dags/DAG_urbania.py                           1           0  0.13s           2026-02-18T00:03:04
================================================================================
[2026-02-18T00:03:54.153+0000] {manager.py:879} INFO - 
================================================================================
DAG File Processing Stats

File Path                         PID    Runtime      # DAGs    # Errors  Last Runtime    Last Run
--------------------------------  -----  ---------  --------  ----------  --------------  -------------------
/opt/airflow/dags/DAG_urbania.py                           1           0  0.12s           2026-02-18T00:03:37
================================================================================
[2026-02-18T00:04:27.095+0000] {manager.py:879} INFO - 
================================================================================
DAG File Processing Stats

File Path                         PID    Runtime      # DAGs    # Errors  Last Runtime    Last Run
--------------------------------  -----  ---------  --------  ----------  --------------  -------------------
/opt/airflow/dags/DAG_urbania.py                           1           0  0.13s           2026-02-18T00:04:10
================================================================================
[2026-02-18T00:04:59.971+0000] {manager.py:879} INFO - 
================================================================================
DAG File Processing Stats

File Path                         PID    Runtime      # DAGs    # Errors  Last Runtime    Last Run
--------------------------------  -----  ---------  --------  ----------  --------------  -------------------
/opt/airflow/dags/DAG_urbania.py                           1           0  0.13s           2026-02-18T00:04:43
================================================================================
[2026-02-18T00:05:32.921+0000] {manager.py:879} INFO - 
================================================================================
DAG File Processing Stats

File Path                         PID    Runtime      # DAGs    # Errors  Last Runtime    Last Run
--------------------------------  -----  ---------  --------  ----------  --------------  -------------------
/opt/airflow/dags/DAG_urbania.py                           1           0  0.13s           2026-02-18T00:05:15
================================================================================
[2026-02-18T00:06:05.798+0000] {manager.py:879} INFO - 
================================================================================
DAG File Processing Stats

File Path                         PID    Runtime      # DAGs    # Errors  Last Runtime    Last Run
--------------------------------  -----  ---------  --------  ----------  --------------  -------------------
/opt/airflow/dags/DAG_urbania.py                           1           0  0.12s           2026-02-18T00:05:47
================================================================================
[2026-02-18T00:06:38.723+0000] {manager.py:879} INFO - 
================================================================================
DAG File Processing Stats

File Path                         PID    Runtime      # DAGs    # Errors  Last Runtime    Last Run
--------------------------------  -----  ---------  --------  ----------  --------------  -------------------
/opt/airflow/dags/DAG_urbania.py                           1           0  0.14s           2026-02-18T00:06:20
================================================================================
[2026-02-18T00:06:43.744+0000] {manager.py:738} INFO - Searching for files in /opt/airflow/dags
[2026-02-18T00:06:43.759+0000] {manager.py:741} INFO - There are 1 files in /opt/airflow/dags
[2026-02-18T00:07:11.613+0000] {manager.py:879} INFO - 
================================================================================
DAG File Processing Stats

File Path                         PID    Runtime      # DAGs    # Errors  Last Runtime    Last Run
--------------------------------  -----  ---------  --------  ----------  --------------  -------------------
/opt/airflow/dags/DAG_urbania.py                           1           0  0.13s           2026-02-18T00:06:53
================================================================================
[2026-02-18T00:07:44.568+0000] {manager.py:879} INFO - 
================================================================================
DAG File Processing Stats

File Path                         PID    Runtime      # DAGs    # Errors  Last Runtime    Last Run
--------------------------------  -----  ---------  --------  ----------  --------------  -------------------
/opt/airflow/dags/DAG_urbania.py                           1           0  0.14s           2026-02-18T00:07:26
================================================================================
[2026-02-18T00:08:17.496+0000] {manager.py:879} INFO - 
================================================================================
DAG File Processing Stats

File Path                         PID    Runtime      # DAGs    # Errors  Last Runtime    Last Run
--------------------------------  -----  ---------  --------  ----------  --------------  -------------------
/opt/airflow/dags/DAG_urbania.py                           1           0  0.13s           2026-02-18T00:07:59
================================================================================
[2026-02-18T00:08:50.403+0000] {manager.py:879} INFO - 
================================================================================
DAG File Processing Stats

File Path                         PID    Runtime      # DAGs    # Errors  Last Runtime    Last Run
--------------------------------  -----  ---------  --------  ----------  --------------  -------------------
/opt/airflow/dags/DAG_urbania.py                           1           0  0.13s           2026-02-18T00:08:31
================================================================================
[2026-02-18T00:09:23.365+0000] {manager.py:879} INFO - 
================================================================================
DAG File Processing Stats

File Path                         PID    Runtime      # DAGs    # Errors  Last Runtime    Last Run
--------------------------------  -----  ---------  --------  ----------  --------------  -------------------
/opt/airflow/dags/DAG_urbania.py                           1           0  0.13s           2026-02-18T00:09:04
================================================================================
[2026-02-18T00:09:56.230+0000] {manager.py:879} INFO - 
================================================================================
DAG File Processing Stats

File Path                         PID    Runtime      # DAGs    # Errors  Last Runtime    Last Run
--------------------------------  -----  ---------  --------  ----------  --------------  -------------------
/opt/airflow/dags/DAG_urbania.py                           1           0  0.14s           2026-02-18T00:09:37
================================================================================
[2026-02-18T00:10:29.190+0000] {manager.py:879} INFO - 
================================================================================
DAG File Processing Stats

File Path                         PID    Runtime      # DAGs    # Errors  Last Runtime    Last Run
--------------------------------  -----  ---------  --------  ----------  --------------  -------------------
/opt/airflow/dags/DAG_urbania.py                           1           0  0.14s           2026-02-18T00:10:10
================================================================================
[2026-02-18T00:11:02.059+0000] {manager.py:879} INFO - 
================================================================================
DAG File Processing Stats

File Path                         PID    Runtime      # DAGs    # Errors  Last Runtime    Last Run
--------------------------------  -----  ---------  --------  ----------  --------------  -------------------
/opt/airflow/dags/DAG_urbania.py                           1           0  0.13s           2026-02-18T00:10:43
================================================================================
[2026-02-18T00:11:35.021+0000] {manager.py:879} INFO - 
================================================================================
DAG File Processing Stats

File Path                         PID    Runtime      # DAGs    # Errors  Last Runtime    Last Run
--------------------------------  -----  ---------  --------  ----------  --------------  -------------------
/opt/airflow/dags/DAG_urbania.py                           1           0  0.13s           2026-02-18T00:11:15
================================================================================
[2026-02-18T00:11:44.055+0000] {manager.py:738} INFO - Searching for files in /opt/airflow/dags
[2026-02-18T00:11:44.072+0000] {manager.py:741} INFO - There are 1 files in /opt/airflow/dags
[2026-02-18T00:12:07.982+0000] {manager.py:879} INFO - 
================================================================================
DAG File Processing Stats

File Path                         PID    Runtime      # DAGs    # Errors  Last Runtime    Last Run
--------------------------------  -----  ---------  --------  ----------  --------------  -------------------
/opt/airflow/dags/DAG_urbania.py                           1           0  0.13s           2026-02-18T00:11:47
================================================================================
[2026-02-18T00:12:40.868+0000] {manager.py:879} INFO - 
================================================================================
DAG File Processing Stats

File Path                         PID    Runtime      # DAGs    # Errors  Last Runtime    Last Run
--------------------------------  -----  ---------  --------  ----------  --------------  -------------------
/opt/airflow/dags/DAG_urbania.py                           1           0  0.13s           2026-02-18T00:12:20
================================================================================
[2026-02-18T00:13:13.807+0000] {manager.py:879} INFO - 
================================================================================
DAG File Processing Stats

File Path                         PID    Runtime      # DAGs    # Errors  Last Runtime    Last Run
--------------------------------  -----  ---------  --------  ----------  --------------  -------------------
/opt/airflow/dags/DAG_urbania.py                           1           0  0.14s           2026-02-18T00:12:53
================================================================================
[2026-02-18T00:13:46.685+0000] {manager.py:879} INFO - 
================================================================================
DAG File Processing Stats

File Path                         PID    Runtime      # DAGs    # Errors  Last Runtime    Last Run
--------------------------------  -----  ---------  --------  ----------  --------------  -------------------
/opt/airflow/dags/DAG_urbania.py                           1           0  0.14s           2026-02-18T00:13:26
================================================================================
[2026-02-18T00:14:19.638+0000] {manager.py:879} INFO - 
================================================================================
DAG File Processing Stats

File Path                         PID    Runtime      # DAGs    # Errors  Last Runtime    Last Run
--------------------------------  -----  ---------  --------  ----------  --------------  -------------------
/opt/airflow/dags/DAG_urbania.py                           1           0  0.13s           2026-02-18T00:13:58
================================================================================
[2026-02-18T00:14:52.605+0000] {manager.py:879} INFO - 
================================================================================
DAG File Processing Stats

File Path                         PID    Runtime      # DAGs    # Errors  Last Runtime    Last Run
--------------------------------  -----  ---------  --------  ----------  --------------  -------------------
/opt/airflow/dags/DAG_urbania.py                           1           0  0.15s           2026-02-18T00:14:31
================================================================================
[2026-02-18T00:15:25.484+0000] {manager.py:879} INFO - 
================================================================================
DAG File Processing Stats

File Path                         PID    Runtime      # DAGs    # Errors  Last Runtime    Last Run
--------------------------------  -----  ---------  --------  ----------  --------------  -------------------
/opt/airflow/dags/DAG_urbania.py                           1           0  0.13s           2026-02-18T00:15:04
================================================================================
[2026-02-18T00:15:58.432+0000] {manager.py:879} INFO - 
================================================================================
DAG File Processing Stats

File Path                         PID    Runtime      # DAGs    # Errors  Last Runtime    Last Run
--------------------------------  -----  ---------  --------  ----------  --------------  -------------------
/opt/airflow/dags/DAG_urbania.py                           1           0  0.13s           2026-02-18T00:15:37
================================================================================
[2026-02-18T00:16:31.288+0000] {manager.py:879} INFO - 
================================================================================
DAG File Processing Stats

File Path                         PID    Runtime      # DAGs    # Errors  Last Runtime    Last Run
--------------------------------  -----  ---------  --------  ----------  --------------  -------------------
/opt/airflow/dags/DAG_urbania.py                           1           0  0.14s           2026-02-18T00:16:10
================================================================================
[2026-02-18T00:16:44.172+0000] {manager.py:738} INFO - Searching for files in /opt/airflow/dags
[2026-02-18T00:16:44.187+0000] {manager.py:741} INFO - There are 1 files in /opt/airflow/dags
[2026-02-18T00:17:04.281+0000] {manager.py:879} INFO - 
================================================================================
DAG File Processing Stats

File Path                         PID    Runtime      # DAGs    # Errors  Last Runtime    Last Run
--------------------------------  -----  ---------  --------  ----------  --------------  -------------------
/opt/airflow/dags/DAG_urbania.py                           1           0  0.13s           2026-02-18T00:16:43
================================================================================
[2026-02-18T00:17:37.164+0000] {manager.py:879} INFO - 
================================================================================
DAG File Processing Stats

File Path                         PID    Runtime      # DAGs    # Errors  Last Runtime    Last Run
--------------------------------  -----  ---------  --------  ----------  --------------  -------------------
/opt/airflow/dags/DAG_urbania.py                           1           0  0.13s           2026-02-18T00:17:15
================================================================================
[2026-02-18T00:18:10.103+0000] {manager.py:879} INFO - 
================================================================================
DAG File Processing Stats

File Path                         PID    Runtime      # DAGs    # Errors  Last Runtime    Last Run
--------------------------------  -----  ---------  --------  ----------  --------------  -------------------
/opt/airflow/dags/DAG_urbania.py                           1           0  0.13s           2026-02-18T00:17:48
================================================================================
[2026-02-18T00:18:42.962+0000] {manager.py:879} INFO - 
================================================================================
DAG File Processing Stats

File Path                         PID    Runtime      # DAGs    # Errors  Last Runtime    Last Run
--------------------------------  -----  ---------  --------  ----------  --------------  -------------------
/opt/airflow/dags/DAG_urbania.py                           1           0  0.13s           2026-02-18T00:18:20
================================================================================
[2026-02-18T00:19:15.916+0000] {manager.py:879} INFO - 
================================================================================
DAG File Processing Stats

File Path                         PID    Runtime      # DAGs    # Errors  Last Runtime    Last Run
--------------------------------  -----  ---------  --------  ----------  --------------  -------------------
/opt/airflow/dags/DAG_urbania.py                           1           0  0.13s           2026-02-18T00:18:53
================================================================================
[2026-02-18T00:19:48.780+0000] {manager.py:879} INFO - 
================================================================================
DAG File Processing Stats

File Path                         PID    Runtime      # DAGs    # Errors  Last Runtime    Last Run
--------------------------------  -----  ---------  --------  ----------  --------------  -------------------
/opt/airflow/dags/DAG_urbania.py                           1           0  0.14s           2026-02-18T00:19:26
================================================================================
[2026-02-18T00:20:21.752+0000] {manager.py:879} INFO - 
================================================================================
DAG File Processing Stats

File Path                         PID    Runtime      # DAGs    # Errors  Last Runtime    Last Run
--------------------------------  -----  ---------  --------  ----------  --------------  -------------------
/opt/airflow/dags/DAG_urbania.py                           1           0  0.13s           2026-02-18T00:19:58
================================================================================
[2026-02-18T00:20:54.705+0000] {manager.py:879} INFO - 
================================================================================
DAG File Processing Stats

File Path                         PID    Runtime      # DAGs    # Errors  Last Runtime    Last Run
--------------------------------  -----  ---------  --------  ----------  --------------  -------------------
/opt/airflow/dags/DAG_urbania.py                           1           0  0.13s           2026-02-18T00:20:31
================================================================================
[2026-02-18T00:21:27.576+0000] {manager.py:879} INFO - 
================================================================================
DAG File Processing Stats

File Path                         PID    Runtime      # DAGs    # Errors  Last Runtime    Last Run
--------------------------------  -----  ---------  --------  ----------  --------------  -------------------
/opt/airflow/dags/DAG_urbania.py                           1           0  0.13s           2026-02-18T00:21:04
================================================================================
[2026-02-18T00:21:44.495+0000] {manager.py:738} INFO - Searching for files in /opt/airflow/dags
[2026-02-18T00:21:44.509+0000] {manager.py:741} INFO - There are 1 files in /opt/airflow/dags
[2026-02-18T00:22:00.585+0000] {manager.py:879} INFO - 
================================================================================
DAG File Processing Stats

File Path                         PID    Runtime      # DAGs    # Errors  Last Runtime    Last Run
--------------------------------  -----  ---------  --------  ----------  --------------  -------------------
/opt/airflow/dags/DAG_urbania.py                           1           0  0.13s           2026-02-18T00:21:37
================================================================================
[2026-02-18T00:22:33.444+0000] {manager.py:879} INFO - 
================================================================================
DAG File Processing Stats

File Path                         PID    Runtime      # DAGs    # Errors  Last Runtime    Last Run
--------------------------------  -----  ---------  --------  ----------  --------------  -------------------
/opt/airflow/dags/DAG_urbania.py                           1           0  0.14s           2026-02-18T00:22:10
================================================================================
[2026-02-18T00:23:06.400+0000] {manager.py:879} INFO - 
================================================================================
DAG File Processing Stats

File Path                         PID    Runtime      # DAGs    # Errors  Last Runtime    Last Run
--------------------------------  -----  ---------  --------  ----------  --------------  -------------------
/opt/airflow/dags/DAG_urbania.py                           1           0  0.14s           2026-02-18T00:22:42
================================================================================
[2026-02-18T00:23:39.376+0000] {manager.py:879} INFO - 
================================================================================
DAG File Processing Stats

File Path                         PID    Runtime      # DAGs    # Errors  Last Runtime    Last Run
--------------------------------  -----  ---------  --------  ----------  --------------  -------------------
/opt/airflow/dags/DAG_urbania.py                           1           0  0.14s           2026-02-18T00:23:15
================================================================================
[2026-02-18T00:24:12.245+0000] {manager.py:879} INFO - 
================================================================================
DAG File Processing Stats

File Path                         PID    Runtime      # DAGs    # Errors  Last Runtime    Last Run
--------------------------------  -----  ---------  --------  ----------  --------------  -------------------
/opt/airflow/dags/DAG_urbania.py                           1           0  0.13s           2026-02-18T00:23:48
================================================================================
[2026-02-18T00:24:45.199+0000] {manager.py:879} INFO - 
================================================================================
DAG File Processing Stats

File Path                         PID    Runtime      # DAGs    # Errors  Last Runtime    Last Run
--------------------------------  -----  ---------  --------  ----------  --------------  -------------------
/opt/airflow/dags/DAG_urbania.py                           1           0  0.13s           2026-02-18T00:24:21
================================================================================
[2026-02-18T00:25:18.079+0000] {manager.py:879} INFO - 
================================================================================
DAG File Processing Stats

File Path                         PID    Runtime      # DAGs    # Errors  Last Runtime    Last Run
--------------------------------  -----  ---------  --------  ----------  --------------  -------------------
/opt/airflow/dags/DAG_urbania.py                           1           0  0.14s           2026-02-18T00:24:54
================================================================================
[2026-02-18T00:25:51.043+0000] {manager.py:879} INFO - 
================================================================================
DAG File Processing Stats

File Path                         PID    Runtime      # DAGs    # Errors  Last Runtime    Last Run
--------------------------------  -----  ---------  --------  ----------  --------------  -------------------
/opt/airflow/dags/DAG_urbania.py                           1           0  0.13s           2026-02-18T00:25:26
================================================================================
[2026-02-18T00:26:23.996+0000] {manager.py:879} INFO - 
================================================================================
DAG File Processing Stats

File Path                         PID    Runtime      # DAGs    # Errors  Last Runtime    Last Run
--------------------------------  -----  ---------  --------  ----------  --------------  -------------------
/opt/airflow/dags/DAG_urbania.py                           1           0  0.13s           2026-02-18T00:25:58
================================================================================
[2026-02-18T00:26:44.814+0000] {manager.py:738} INFO - Searching for files in /opt/airflow/dags
[2026-02-18T00:26:44.828+0000] {manager.py:741} INFO - There are 1 files in /opt/airflow/dags
[2026-02-18T00:26:56.885+0000] {manager.py:879} INFO - 
================================================================================
DAG File Processing Stats

File Path                         PID    Runtime      # DAGs    # Errors  Last Runtime    Last Run
--------------------------------  -----  ---------  --------  ----------  --------------  -------------------
/opt/airflow/dags/DAG_urbania.py                           1           0  0.14s           2026-02-18T00:26:31
================================================================================
[2026-02-18T00:27:29.820+0000] {manager.py:879} INFO - 
================================================================================
DAG File Processing Stats

File Path                         PID    Runtime      # DAGs    # Errors  Last Runtime    Last Run
--------------------------------  -----  ---------  --------  ----------  --------------  -------------------
/opt/airflow/dags/DAG_urbania.py                           1           0  0.13s           2026-02-18T00:27:04
================================================================================
[2026-02-18T00:28:02.694+0000] {manager.py:879} INFO - 
================================================================================
DAG File Processing Stats

File Path                         PID    Runtime      # DAGs    # Errors  Last Runtime    Last Run
--------------------------------  -----  ---------  --------  ----------  --------------  -------------------
/opt/airflow/dags/DAG_urbania.py                           1           0  0.13s           2026-02-18T00:27:37
================================================================================
[2026-02-18T00:28:35.637+0000] {manager.py:879} INFO - 
================================================================================
DAG File Processing Stats

File Path                         PID    Runtime      # DAGs    # Errors  Last Runtime    Last Run
--------------------------------  -----  ---------  --------  ----------  --------------  -------------------
/opt/airflow/dags/DAG_urbania.py                           1           0  0.13s           2026-02-18T00:28:10
================================================================================
[2026-02-18T00:29:08.508+0000] {manager.py:879} INFO - 
================================================================================
DAG File Processing Stats

File Path                         PID    Runtime      # DAGs    # Errors  Last Runtime    Last Run
--------------------------------  -----  ---------  --------  ----------  --------------  -------------------
/opt/airflow/dags/DAG_urbania.py                           1           0  0.13s           2026-02-18T00:28:42
================================================================================
[2026-02-18T00:29:41.459+0000] {manager.py:879} INFO - 
================================================================================
DAG File Processing Stats

File Path                         PID    Runtime      # DAGs    # Errors  Last Runtime    Last Run
--------------------------------  -----  ---------  --------  ----------  --------------  -------------------
/opt/airflow/dags/DAG_urbania.py                           1           0  0.13s           2026-02-18T00:29:15
================================================================================
[2026-02-18T00:30:14.326+0000] {manager.py:879} INFO - 
================================================================================
DAG File Processing Stats

File Path                         PID    Runtime      # DAGs    # Errors  Last Runtime    Last Run
--------------------------------  -----  ---------  --------  ----------  --------------  -------------------
/opt/airflow/dags/DAG_urbania.py                           1           0  0.13s           2026-02-18T00:29:48
================================================================================
[2026-02-18T00:30:47.279+0000] {manager.py:879} INFO - 
================================================================================
DAG File Processing Stats

File Path                         PID    Runtime      # DAGs    # Errors  Last Runtime    Last Run
--------------------------------  -----  ---------  --------  ----------  --------------  -------------------
/opt/airflow/dags/DAG_urbania.py                           1           0  0.14s           2026-02-18T00:30:21
================================================================================
[2026-02-18T00:31:20.144+0000] {manager.py:879} INFO - 
================================================================================
DAG File Processing Stats

File Path                         PID    Runtime      # DAGs    # Errors  Last Runtime    Last Run
--------------------------------  -----  ---------  --------  ----------  --------------  -------------------
/opt/airflow/dags/DAG_urbania.py                           1           0  0.14s           2026-02-18T00:30:54
================================================================================
[2026-02-18T00:31:45.083+0000] {manager.py:738} INFO - Searching for files in /opt/airflow/dags
[2026-02-18T00:31:45.098+0000] {manager.py:741} INFO - There are 1 files in /opt/airflow/dags
[2026-02-18T00:31:53.141+0000] {manager.py:879} INFO - 
================================================================================
DAG File Processing Stats

File Path                         PID    Runtime      # DAGs    # Errors  Last Runtime    Last Run
--------------------------------  -----  ---------  --------  ----------  --------------  -------------------
/opt/airflow/dags/DAG_urbania.py                           1           0  0.13s           2026-02-18T00:31:26
================================================================================
[2026-02-18T00:32:26.071+0000] {manager.py:879} INFO - 
================================================================================
DAG File Processing Stats

File Path                         PID    Runtime      # DAGs    # Errors  Last Runtime    Last Run
--------------------------------  -----  ---------  --------  ----------  --------------  -------------------
/opt/airflow/dags/DAG_urbania.py                           1           0  0.13s           2026-02-18T00:31:59
================================================================================
[2026-02-18T00:32:58.956+0000] {manager.py:879} INFO - 
================================================================================
DAG File Processing Stats

File Path                         PID    Runtime      # DAGs    # Errors  Last Runtime    Last Run
--------------------------------  -----  ---------  --------  ----------  --------------  -------------------
/opt/airflow/dags/DAG_urbania.py                           1           0  0.13s           2026-02-18T00:32:31
================================================================================
[2026-02-18T00:33:31.890+0000] {manager.py:879} INFO - 
================================================================================
DAG File Processing Stats

File Path                         PID    Runtime      # DAGs    # Errors  Last Runtime    Last Run
--------------------------------  -----  ---------  --------  ----------  --------------  -------------------
/opt/airflow/dags/DAG_urbania.py                           1           0  0.14s           2026-02-18T00:33:04
================================================================================
[2026-02-18T00:34:04.775+0000] {manager.py:879} INFO - 
================================================================================
DAG File Processing Stats

File Path                         PID    Runtime      # DAGs    # Errors  Last Runtime    Last Run
--------------------------------  -----  ---------  --------  ----------  --------------  -------------------
/opt/airflow/dags/DAG_urbania.py                           1           0  0.14s           2026-02-18T00:33:37
================================================================================
[2026-02-18T00:34:37.719+0000] {manager.py:879} INFO - 
================================================================================
DAG File Processing Stats

File Path                         PID    Runtime      # DAGs    # Errors  Last Runtime    Last Run
--------------------------------  -----  ---------  --------  ----------  --------------  -------------------
/opt/airflow/dags/DAG_urbania.py                           1           0  0.14s           2026-02-18T00:34:09
================================================================================
[2026-02-18T00:35:10.692+0000] {manager.py:879} INFO - 
================================================================================
DAG File Processing Stats

File Path                         PID    Runtime      # DAGs    # Errors  Last Runtime    Last Run
--------------------------------  -----  ---------  --------  ----------  --------------  -------------------
/opt/airflow/dags/DAG_urbania.py                           1           0  0.14s           2026-02-18T00:34:42
================================================================================
[2026-02-18T00:35:43.555+0000] {manager.py:879} INFO - 
================================================================================
DAG File Processing Stats

File Path                         PID    Runtime      # DAGs    # Errors  Last Runtime    Last Run
--------------------------------  -----  ---------  --------  ----------  --------------  -------------------
/opt/airflow/dags/DAG_urbania.py                           1           0  0.13s           2026-02-18T00:35:15
================================================================================
[2026-02-18T00:36:16.507+0000] {manager.py:879} INFO - 
================================================================================
DAG File Processing Stats

File Path                         PID    Runtime      # DAGs    # Errors  Last Runtime    Last Run
--------------------------------  -----  ---------  --------  ----------  --------------  -------------------
/opt/airflow/dags/DAG_urbania.py                           1           0  0.13s           2026-02-18T00:35:48
================================================================================
[2026-02-18T00:36:45.354+0000] {manager.py:738} INFO - Searching for files in /opt/airflow/dags
[2026-02-18T00:36:45.368+0000] {manager.py:741} INFO - There are 1 files in /opt/airflow/dags
[2026-02-18T00:36:49.394+0000] {manager.py:879} INFO - 
================================================================================
DAG File Processing Stats

File Path                         PID    Runtime      # DAGs    # Errors  Last Runtime    Last Run
--------------------------------  -----  ---------  --------  ----------  --------------  -------------------
/opt/airflow/dags/DAG_urbania.py                           1           0  0.14s           2026-02-18T00:36:21
================================================================================
[2026-02-18T00:37:22.341+0000] {manager.py:879} INFO - 
================================================================================
DAG File Processing Stats

File Path                         PID    Runtime      # DAGs    # Errors  Last Runtime    Last Run
--------------------------------  -----  ---------  --------  ----------  --------------  -------------------
/opt/airflow/dags/DAG_urbania.py                           1           0  0.13s           2026-02-18T00:36:54
================================================================================
[2026-02-18T00:37:55.208+0000] {manager.py:879} INFO - 
================================================================================
DAG File Processing Stats

File Path                         PID    Runtime      # DAGs    # Errors  Last Runtime    Last Run
--------------------------------  -----  ---------  --------  ----------  --------------  -------------------
/opt/airflow/dags/DAG_urbania.py                           1           0  0.13s           2026-02-18T00:37:26
================================================================================
[2026-02-18T00:38:28.165+0000] {manager.py:879} INFO - 
================================================================================
DAG File Processing Stats

File Path                         PID    Runtime      # DAGs    # Errors  Last Runtime    Last Run
--------------------------------  -----  ---------  --------  ----------  --------------  -------------------
/opt/airflow/dags/DAG_urbania.py                           1           0  0.16s           2026-02-18T00:37:59
================================================================================
[2026-02-18T00:39:01.057+0000] {manager.py:879} INFO - 
================================================================================
DAG File Processing Stats

File Path                         PID    Runtime      # DAGs    # Errors  Last Runtime    Last Run
--------------------------------  -----  ---------  --------  ----------  --------------  -------------------
/opt/airflow/dags/DAG_urbania.py                           1           0  0.13s           2026-02-18T00:38:32
================================================================================
[2026-02-18T00:39:33.983+0000] {manager.py:879} INFO - 
================================================================================
DAG File Processing Stats

File Path                         PID    Runtime      # DAGs    # Errors  Last Runtime    Last Run
--------------------------------  -----  ---------  --------  ----------  --------------  -------------------
/opt/airflow/dags/DAG_urbania.py                           1           0  0.13s           2026-02-18T00:39:04
================================================================================
