[2026-01-30T20:59:02.112+0000] {processor.py:161} INFO - Started process (PID=198) to work on /opt/airflow/dags/DAG_urbania.py
[2026-01-30T20:59:02.114+0000] {processor.py:830} INFO - Processing file /opt/airflow/dags/DAG_urbania.py for tasks to queue
[2026-01-30T20:59:02.115+0000] {logging_mixin.py:188} INFO - [2026-01-30T20:59:02.114+0000] {dagbag.py:538} INFO - Filling up the DagBag from /opt/airflow/dags/DAG_urbania.py
[2026-01-30T20:59:02.145+0000] {processor.py:840} INFO - DAG(s) 'xml_to_mysql_etl' retrieved from /opt/airflow/dags/DAG_urbania.py
[2026-01-30T20:59:02.283+0000] {logging_mixin.py:188} INFO - [2026-01-30T20:59:02.283+0000] {override.py:1769} INFO - Created Permission View: can edit on DAG:xml_to_mysql_etl
[2026-01-30T20:59:02.295+0000] {logging_mixin.py:188} INFO - [2026-01-30T20:59:02.295+0000] {override.py:1769} INFO - Created Permission View: can read on DAG:xml_to_mysql_etl
[2026-01-30T20:59:02.304+0000] {logging_mixin.py:188} INFO - [2026-01-30T20:59:02.304+0000] {override.py:1769} INFO - Created Permission View: can delete on DAG:xml_to_mysql_etl
[2026-01-30T20:59:02.305+0000] {logging_mixin.py:188} INFO - [2026-01-30T20:59:02.305+0000] {dag.py:3036} INFO - Sync 1 DAGs
[2026-01-30T20:59:02.316+0000] {logging_mixin.py:188} INFO - [2026-01-30T20:59:02.316+0000] {dag.py:3058} INFO - Creating ORM DAG for xml_to_mysql_etl
[2026-01-30T20:59:02.327+0000] {logging_mixin.py:188} INFO - [2026-01-30T20:59:02.327+0000] {dag.py:3823} INFO - Setting next_dagrun for xml_to_mysql_etl to 2026-01-29 00:00:00+00:00, run_after=2026-01-30 00:00:00+00:00
[2026-01-30T20:59:02.349+0000] {processor.py:183} INFO - Processing /opt/airflow/dags/DAG_urbania.py took 0.240 seconds
[2026-01-30T20:59:32.617+0000] {processor.py:161} INFO - Started process (PID=210) to work on /opt/airflow/dags/DAG_urbania.py
[2026-01-30T20:59:32.618+0000] {processor.py:830} INFO - Processing file /opt/airflow/dags/DAG_urbania.py for tasks to queue
[2026-01-30T20:59:32.619+0000] {logging_mixin.py:188} INFO - [2026-01-30T20:59:32.619+0000] {dagbag.py:538} INFO - Filling up the DagBag from /opt/airflow/dags/DAG_urbania.py
[2026-01-30T20:59:32.640+0000] {processor.py:840} INFO - DAG(s) 'xml_to_mysql_etl' retrieved from /opt/airflow/dags/DAG_urbania.py
[2026-01-30T20:59:32.763+0000] {logging_mixin.py:188} INFO - [2026-01-30T20:59:32.763+0000] {dag.py:3036} INFO - Sync 1 DAGs
[2026-01-30T20:59:32.786+0000] {logging_mixin.py:188} INFO - [2026-01-30T20:59:32.786+0000] {dag.py:3823} INFO - Setting next_dagrun for xml_to_mysql_etl to 2026-01-29 00:00:00+00:00, run_after=2026-01-30 00:00:00+00:00
[2026-01-30T20:59:32.815+0000] {processor.py:183} INFO - Processing /opt/airflow/dags/DAG_urbania.py took 0.201 seconds
[2026-01-30T21:00:03.328+0000] {processor.py:161} INFO - Started process (PID=215) to work on /opt/airflow/dags/DAG_urbania.py
[2026-01-30T21:00:03.329+0000] {processor.py:830} INFO - Processing file /opt/airflow/dags/DAG_urbania.py for tasks to queue
[2026-01-30T21:00:03.330+0000] {logging_mixin.py:188} INFO - [2026-01-30T21:00:03.330+0000] {dagbag.py:538} INFO - Filling up the DagBag from /opt/airflow/dags/DAG_urbania.py
[2026-01-30T21:00:03.354+0000] {processor.py:840} INFO - DAG(s) 'xml_to_mysql_etl' retrieved from /opt/airflow/dags/DAG_urbania.py
[2026-01-30T21:00:03.407+0000] {logging_mixin.py:188} INFO - [2026-01-30T21:00:03.406+0000] {dag.py:3036} INFO - Sync 1 DAGs
[2026-01-30T21:00:03.426+0000] {logging_mixin.py:188} INFO - [2026-01-30T21:00:03.426+0000] {dag.py:3823} INFO - Setting next_dagrun for xml_to_mysql_etl to 2026-01-29 00:00:00+00:00, run_after=2026-01-30 00:00:00+00:00
[2026-01-30T21:00:03.454+0000] {processor.py:183} INFO - Processing /opt/airflow/dags/DAG_urbania.py took 0.130 seconds
[2026-01-30T21:00:33.878+0000] {processor.py:161} INFO - Started process (PID=220) to work on /opt/airflow/dags/DAG_urbania.py
[2026-01-30T21:00:33.879+0000] {processor.py:830} INFO - Processing file /opt/airflow/dags/DAG_urbania.py for tasks to queue
[2026-01-30T21:00:33.881+0000] {logging_mixin.py:188} INFO - [2026-01-30T21:00:33.880+0000] {dagbag.py:538} INFO - Filling up the DagBag from /opt/airflow/dags/DAG_urbania.py
[2026-01-30T21:00:33.905+0000] {processor.py:840} INFO - DAG(s) 'xml_to_mysql_etl' retrieved from /opt/airflow/dags/DAG_urbania.py
[2026-01-30T21:00:33.952+0000] {logging_mixin.py:188} INFO - [2026-01-30T21:00:33.952+0000] {dag.py:3036} INFO - Sync 1 DAGs
[2026-01-30T21:00:33.969+0000] {logging_mixin.py:188} INFO - [2026-01-30T21:00:33.969+0000] {dag.py:3823} INFO - Setting next_dagrun for xml_to_mysql_etl to 2026-01-29 00:00:00+00:00, run_after=2026-01-30 00:00:00+00:00
[2026-01-30T21:00:33.988+0000] {processor.py:183} INFO - Processing /opt/airflow/dags/DAG_urbania.py took 0.114 seconds
[2026-01-30T21:01:04.562+0000] {processor.py:161} INFO - Started process (PID=225) to work on /opt/airflow/dags/DAG_urbania.py
[2026-01-30T21:01:04.563+0000] {processor.py:830} INFO - Processing file /opt/airflow/dags/DAG_urbania.py for tasks to queue
[2026-01-30T21:01:04.564+0000] {logging_mixin.py:188} INFO - [2026-01-30T21:01:04.564+0000] {dagbag.py:538} INFO - Filling up the DagBag from /opt/airflow/dags/DAG_urbania.py
[2026-01-30T21:01:04.591+0000] {processor.py:840} INFO - DAG(s) 'xml_to_mysql_etl' retrieved from /opt/airflow/dags/DAG_urbania.py
[2026-01-30T21:01:04.645+0000] {logging_mixin.py:188} INFO - [2026-01-30T21:01:04.645+0000] {dag.py:3036} INFO - Sync 1 DAGs
[2026-01-30T21:01:04.665+0000] {logging_mixin.py:188} INFO - [2026-01-30T21:01:04.664+0000] {dag.py:3823} INFO - Setting next_dagrun for xml_to_mysql_etl to 2026-01-29 00:00:00+00:00, run_after=2026-01-30 00:00:00+00:00
[2026-01-30T21:01:04.686+0000] {processor.py:183} INFO - Processing /opt/airflow/dags/DAG_urbania.py took 0.129 seconds
[2026-01-30T21:01:35.091+0000] {processor.py:161} INFO - Started process (PID=230) to work on /opt/airflow/dags/DAG_urbania.py
[2026-01-30T21:01:35.092+0000] {processor.py:830} INFO - Processing file /opt/airflow/dags/DAG_urbania.py for tasks to queue
[2026-01-30T21:01:35.093+0000] {logging_mixin.py:188} INFO - [2026-01-30T21:01:35.092+0000] {dagbag.py:538} INFO - Filling up the DagBag from /opt/airflow/dags/DAG_urbania.py
[2026-01-30T21:01:35.112+0000] {processor.py:840} INFO - DAG(s) 'xml_to_mysql_etl' retrieved from /opt/airflow/dags/DAG_urbania.py
[2026-01-30T21:01:35.155+0000] {logging_mixin.py:188} INFO - [2026-01-30T21:01:35.155+0000] {dag.py:3036} INFO - Sync 1 DAGs
[2026-01-30T21:01:35.173+0000] {logging_mixin.py:188} INFO - [2026-01-30T21:01:35.173+0000] {dag.py:3823} INFO - Setting next_dagrun for xml_to_mysql_etl to 2026-01-29 00:00:00+00:00, run_after=2026-01-30 00:00:00+00:00
[2026-01-30T21:01:35.200+0000] {processor.py:183} INFO - Processing /opt/airflow/dags/DAG_urbania.py took 0.112 seconds
[2026-01-30T21:02:05.733+0000] {processor.py:161} INFO - Started process (PID=235) to work on /opt/airflow/dags/DAG_urbania.py
[2026-01-30T21:02:05.734+0000] {processor.py:830} INFO - Processing file /opt/airflow/dags/DAG_urbania.py for tasks to queue
[2026-01-30T21:02:05.735+0000] {logging_mixin.py:188} INFO - [2026-01-30T21:02:05.735+0000] {dagbag.py:538} INFO - Filling up the DagBag from /opt/airflow/dags/DAG_urbania.py
[2026-01-30T21:02:05.754+0000] {processor.py:840} INFO - DAG(s) 'xml_to_mysql_etl' retrieved from /opt/airflow/dags/DAG_urbania.py
[2026-01-30T21:02:05.799+0000] {logging_mixin.py:188} INFO - [2026-01-30T21:02:05.799+0000] {dag.py:3036} INFO - Sync 1 DAGs
[2026-01-30T21:02:05.819+0000] {logging_mixin.py:188} INFO - [2026-01-30T21:02:05.819+0000] {dag.py:3823} INFO - Setting next_dagrun for xml_to_mysql_etl to 2026-01-29 00:00:00+00:00, run_after=2026-01-30 00:00:00+00:00
[2026-01-30T21:02:05.838+0000] {processor.py:183} INFO - Processing /opt/airflow/dags/DAG_urbania.py took 0.107 seconds
[2026-01-30T21:02:36.277+0000] {processor.py:161} INFO - Started process (PID=240) to work on /opt/airflow/dags/DAG_urbania.py
[2026-01-30T21:02:36.278+0000] {processor.py:830} INFO - Processing file /opt/airflow/dags/DAG_urbania.py for tasks to queue
[2026-01-30T21:02:36.279+0000] {logging_mixin.py:188} INFO - [2026-01-30T21:02:36.279+0000] {dagbag.py:538} INFO - Filling up the DagBag from /opt/airflow/dags/DAG_urbania.py
[2026-01-30T21:02:36.302+0000] {processor.py:840} INFO - DAG(s) 'xml_to_mysql_etl' retrieved from /opt/airflow/dags/DAG_urbania.py
[2026-01-30T21:02:36.353+0000] {logging_mixin.py:188} INFO - [2026-01-30T21:02:36.353+0000] {dag.py:3036} INFO - Sync 1 DAGs
[2026-01-30T21:02:36.372+0000] {logging_mixin.py:188} INFO - [2026-01-30T21:02:36.372+0000] {dag.py:3823} INFO - Setting next_dagrun for xml_to_mysql_etl to 2026-01-29 00:00:00+00:00, run_after=2026-01-30 00:00:00+00:00
[2026-01-30T21:02:36.400+0000] {processor.py:183} INFO - Processing /opt/airflow/dags/DAG_urbania.py took 0.127 seconds
[2026-01-30T21:03:07.005+0000] {processor.py:161} INFO - Started process (PID=245) to work on /opt/airflow/dags/DAG_urbania.py
[2026-01-30T21:03:07.006+0000] {processor.py:830} INFO - Processing file /opt/airflow/dags/DAG_urbania.py for tasks to queue
[2026-01-30T21:03:07.007+0000] {logging_mixin.py:188} INFO - [2026-01-30T21:03:07.007+0000] {dagbag.py:538} INFO - Filling up the DagBag from /opt/airflow/dags/DAG_urbania.py
[2026-01-30T21:03:07.032+0000] {processor.py:840} INFO - DAG(s) 'xml_to_mysql_etl' retrieved from /opt/airflow/dags/DAG_urbania.py
[2026-01-30T21:03:07.084+0000] {logging_mixin.py:188} INFO - [2026-01-30T21:03:07.084+0000] {dag.py:3036} INFO - Sync 1 DAGs
[2026-01-30T21:03:07.106+0000] {logging_mixin.py:188} INFO - [2026-01-30T21:03:07.106+0000] {dag.py:3823} INFO - Setting next_dagrun for xml_to_mysql_etl to 2026-01-29 00:00:00+00:00, run_after=2026-01-30 00:00:00+00:00
[2026-01-30T21:03:07.126+0000] {processor.py:183} INFO - Processing /opt/airflow/dags/DAG_urbania.py took 0.126 seconds
[2026-01-30T21:03:37.520+0000] {processor.py:161} INFO - Started process (PID=250) to work on /opt/airflow/dags/DAG_urbania.py
[2026-01-30T21:03:37.521+0000] {processor.py:830} INFO - Processing file /opt/airflow/dags/DAG_urbania.py for tasks to queue
[2026-01-30T21:03:37.521+0000] {logging_mixin.py:188} INFO - [2026-01-30T21:03:37.521+0000] {dagbag.py:538} INFO - Filling up the DagBag from /opt/airflow/dags/DAG_urbania.py
[2026-01-30T21:03:37.541+0000] {processor.py:840} INFO - DAG(s) 'xml_to_mysql_etl' retrieved from /opt/airflow/dags/DAG_urbania.py
[2026-01-30T21:03:37.584+0000] {logging_mixin.py:188} INFO - [2026-01-30T21:03:37.584+0000] {dag.py:3036} INFO - Sync 1 DAGs
[2026-01-30T21:03:37.602+0000] {logging_mixin.py:188} INFO - [2026-01-30T21:03:37.602+0000] {dag.py:3823} INFO - Setting next_dagrun for xml_to_mysql_etl to 2026-01-29 00:00:00+00:00, run_after=2026-01-30 00:00:00+00:00
[2026-01-30T21:03:37.622+0000] {processor.py:183} INFO - Processing /opt/airflow/dags/DAG_urbania.py took 0.106 seconds
[2026-01-30T21:04:08.161+0000] {processor.py:161} INFO - Started process (PID=255) to work on /opt/airflow/dags/DAG_urbania.py
[2026-01-30T21:04:08.162+0000] {processor.py:830} INFO - Processing file /opt/airflow/dags/DAG_urbania.py for tasks to queue
[2026-01-30T21:04:08.163+0000] {logging_mixin.py:188} INFO - [2026-01-30T21:04:08.162+0000] {dagbag.py:538} INFO - Filling up the DagBag from /opt/airflow/dags/DAG_urbania.py
[2026-01-30T21:04:08.182+0000] {processor.py:840} INFO - DAG(s) 'xml_to_mysql_etl' retrieved from /opt/airflow/dags/DAG_urbania.py
[2026-01-30T21:04:08.225+0000] {logging_mixin.py:188} INFO - [2026-01-30T21:04:08.225+0000] {dag.py:3036} INFO - Sync 1 DAGs
[2026-01-30T21:04:08.243+0000] {logging_mixin.py:188} INFO - [2026-01-30T21:04:08.242+0000] {dag.py:3823} INFO - Setting next_dagrun for xml_to_mysql_etl to 2026-01-29 00:00:00+00:00, run_after=2026-01-30 00:00:00+00:00
[2026-01-30T21:04:08.261+0000] {processor.py:183} INFO - Processing /opt/airflow/dags/DAG_urbania.py took 0.103 seconds
[2026-01-30T21:04:38.709+0000] {processor.py:161} INFO - Started process (PID=260) to work on /opt/airflow/dags/DAG_urbania.py
[2026-01-30T21:04:38.710+0000] {processor.py:830} INFO - Processing file /opt/airflow/dags/DAG_urbania.py for tasks to queue
[2026-01-30T21:04:38.711+0000] {logging_mixin.py:188} INFO - [2026-01-30T21:04:38.710+0000] {dagbag.py:538} INFO - Filling up the DagBag from /opt/airflow/dags/DAG_urbania.py
[2026-01-30T21:04:38.730+0000] {processor.py:840} INFO - DAG(s) 'xml_to_mysql_etl' retrieved from /opt/airflow/dags/DAG_urbania.py
[2026-01-30T21:04:38.775+0000] {logging_mixin.py:188} INFO - [2026-01-30T21:04:38.775+0000] {dag.py:3036} INFO - Sync 1 DAGs
[2026-01-30T21:04:38.794+0000] {logging_mixin.py:188} INFO - [2026-01-30T21:04:38.794+0000] {dag.py:3823} INFO - Setting next_dagrun for xml_to_mysql_etl to 2026-01-29 00:00:00+00:00, run_after=2026-01-30 00:00:00+00:00
[2026-01-30T21:04:38.814+0000] {processor.py:183} INFO - Processing /opt/airflow/dags/DAG_urbania.py took 0.108 seconds
[2026-01-30T21:05:09.388+0000] {processor.py:161} INFO - Started process (PID=265) to work on /opt/airflow/dags/DAG_urbania.py
[2026-01-30T21:05:09.389+0000] {processor.py:830} INFO - Processing file /opt/airflow/dags/DAG_urbania.py for tasks to queue
[2026-01-30T21:05:09.389+0000] {logging_mixin.py:188} INFO - [2026-01-30T21:05:09.389+0000] {dagbag.py:538} INFO - Filling up the DagBag from /opt/airflow/dags/DAG_urbania.py
[2026-01-30T21:05:09.411+0000] {processor.py:840} INFO - DAG(s) 'xml_to_mysql_etl' retrieved from /opt/airflow/dags/DAG_urbania.py
[2026-01-30T21:05:09.456+0000] {logging_mixin.py:188} INFO - [2026-01-30T21:05:09.456+0000] {dag.py:3036} INFO - Sync 1 DAGs
[2026-01-30T21:05:09.475+0000] {logging_mixin.py:188} INFO - [2026-01-30T21:05:09.475+0000] {dag.py:3823} INFO - Setting next_dagrun for xml_to_mysql_etl to 2026-01-29 00:00:00+00:00, run_after=2026-01-30 00:00:00+00:00
[2026-01-30T21:05:09.496+0000] {processor.py:183} INFO - Processing /opt/airflow/dags/DAG_urbania.py took 0.111 seconds
[2026-01-30T21:05:39.917+0000] {processor.py:161} INFO - Started process (PID=270) to work on /opt/airflow/dags/DAG_urbania.py
[2026-01-30T21:05:39.918+0000] {processor.py:830} INFO - Processing file /opt/airflow/dags/DAG_urbania.py for tasks to queue
[2026-01-30T21:05:39.919+0000] {logging_mixin.py:188} INFO - [2026-01-30T21:05:39.918+0000] {dagbag.py:538} INFO - Filling up the DagBag from /opt/airflow/dags/DAG_urbania.py
[2026-01-30T21:05:39.937+0000] {processor.py:840} INFO - DAG(s) 'xml_to_mysql_etl' retrieved from /opt/airflow/dags/DAG_urbania.py
[2026-01-30T21:05:39.989+0000] {logging_mixin.py:188} INFO - [2026-01-30T21:05:39.989+0000] {dag.py:3036} INFO - Sync 1 DAGs
[2026-01-30T21:05:40.008+0000] {logging_mixin.py:188} INFO - [2026-01-30T21:05:40.008+0000] {dag.py:3823} INFO - Setting next_dagrun for xml_to_mysql_etl to 2026-01-29 00:00:00+00:00, run_after=2026-01-30 00:00:00+00:00
[2026-01-30T21:05:40.028+0000] {processor.py:183} INFO - Processing /opt/airflow/dags/DAG_urbania.py took 0.115 seconds
[2026-01-30T21:06:10.554+0000] {processor.py:161} INFO - Started process (PID=275) to work on /opt/airflow/dags/DAG_urbania.py
[2026-01-30T21:06:10.555+0000] {processor.py:830} INFO - Processing file /opt/airflow/dags/DAG_urbania.py for tasks to queue
[2026-01-30T21:06:10.555+0000] {logging_mixin.py:188} INFO - [2026-01-30T21:06:10.555+0000] {dagbag.py:538} INFO - Filling up the DagBag from /opt/airflow/dags/DAG_urbania.py
[2026-01-30T21:06:10.576+0000] {processor.py:840} INFO - DAG(s) 'xml_to_mysql_etl' retrieved from /opt/airflow/dags/DAG_urbania.py
[2026-01-30T21:06:10.623+0000] {logging_mixin.py:188} INFO - [2026-01-30T21:06:10.623+0000] {dag.py:3036} INFO - Sync 1 DAGs
[2026-01-30T21:06:10.642+0000] {logging_mixin.py:188} INFO - [2026-01-30T21:06:10.642+0000] {dag.py:3823} INFO - Setting next_dagrun for xml_to_mysql_etl to 2026-01-29 00:00:00+00:00, run_after=2026-01-30 00:00:00+00:00
[2026-01-30T21:06:10.673+0000] {processor.py:183} INFO - Processing /opt/airflow/dags/DAG_urbania.py took 0.122 seconds
[2026-01-30T21:06:41.100+0000] {processor.py:161} INFO - Started process (PID=280) to work on /opt/airflow/dags/DAG_urbania.py
[2026-01-30T21:06:41.101+0000] {processor.py:830} INFO - Processing file /opt/airflow/dags/DAG_urbania.py for tasks to queue
[2026-01-30T21:06:41.102+0000] {logging_mixin.py:188} INFO - [2026-01-30T21:06:41.102+0000] {dagbag.py:538} INFO - Filling up the DagBag from /opt/airflow/dags/DAG_urbania.py
[2026-01-30T21:06:41.128+0000] {processor.py:840} INFO - DAG(s) 'xml_to_mysql_etl' retrieved from /opt/airflow/dags/DAG_urbania.py
[2026-01-30T21:06:41.176+0000] {logging_mixin.py:188} INFO - [2026-01-30T21:06:41.176+0000] {dag.py:3036} INFO - Sync 1 DAGs
[2026-01-30T21:06:41.195+0000] {logging_mixin.py:188} INFO - [2026-01-30T21:06:41.195+0000] {dag.py:3823} INFO - Setting next_dagrun for xml_to_mysql_etl to 2026-01-29 00:00:00+00:00, run_after=2026-01-30 00:00:00+00:00
[2026-01-30T21:06:41.217+0000] {processor.py:183} INFO - Processing /opt/airflow/dags/DAG_urbania.py took 0.120 seconds
[2026-01-30T21:07:11.855+0000] {processor.py:161} INFO - Started process (PID=285) to work on /opt/airflow/dags/DAG_urbania.py
[2026-01-30T21:07:11.856+0000] {processor.py:830} INFO - Processing file /opt/airflow/dags/DAG_urbania.py for tasks to queue
[2026-01-30T21:07:11.857+0000] {logging_mixin.py:188} INFO - [2026-01-30T21:07:11.857+0000] {dagbag.py:538} INFO - Filling up the DagBag from /opt/airflow/dags/DAG_urbania.py
[2026-01-30T21:07:11.878+0000] {processor.py:840} INFO - DAG(s) 'xml_to_mysql_etl' retrieved from /opt/airflow/dags/DAG_urbania.py
[2026-01-30T21:07:11.926+0000] {logging_mixin.py:188} INFO - [2026-01-30T21:07:11.926+0000] {dag.py:3036} INFO - Sync 1 DAGs
[2026-01-30T21:07:11.944+0000] {logging_mixin.py:188} INFO - [2026-01-30T21:07:11.944+0000] {dag.py:3823} INFO - Setting next_dagrun for xml_to_mysql_etl to 2026-01-29 00:00:00+00:00, run_after=2026-01-30 00:00:00+00:00
[2026-01-30T21:07:11.975+0000] {processor.py:183} INFO - Processing /opt/airflow/dags/DAG_urbania.py took 0.123 seconds
[2026-01-30T21:07:43.387+0000] {processor.py:161} INFO - Started process (PID=290) to work on /opt/airflow/dags/DAG_urbania.py
[2026-01-30T21:07:43.388+0000] {processor.py:830} INFO - Processing file /opt/airflow/dags/DAG_urbania.py for tasks to queue
[2026-01-30T21:07:43.389+0000] {logging_mixin.py:188} INFO - [2026-01-30T21:07:43.389+0000] {dagbag.py:538} INFO - Filling up the DagBag from /opt/airflow/dags/DAG_urbania.py
[2026-01-30T21:07:43.413+0000] {processor.py:840} INFO - DAG(s) 'xml_to_mysql_etl' retrieved from /opt/airflow/dags/DAG_urbania.py
[2026-01-30T21:07:43.466+0000] {logging_mixin.py:188} INFO - [2026-01-30T21:07:43.466+0000] {dag.py:3036} INFO - Sync 1 DAGs
[2026-01-30T21:07:43.486+0000] {logging_mixin.py:188} INFO - [2026-01-30T21:07:43.486+0000] {dag.py:3823} INFO - Setting next_dagrun for xml_to_mysql_etl to 2026-01-29 00:00:00+00:00, run_after=2026-01-30 00:00:00+00:00
[2026-01-30T21:07:43.509+0000] {processor.py:183} INFO - Processing /opt/airflow/dags/DAG_urbania.py took 0.125 seconds
[2026-01-30T21:08:14.045+0000] {processor.py:161} INFO - Started process (PID=295) to work on /opt/airflow/dags/DAG_urbania.py
[2026-01-30T21:08:14.046+0000] {processor.py:830} INFO - Processing file /opt/airflow/dags/DAG_urbania.py for tasks to queue
[2026-01-30T21:08:14.047+0000] {logging_mixin.py:188} INFO - [2026-01-30T21:08:14.047+0000] {dagbag.py:538} INFO - Filling up the DagBag from /opt/airflow/dags/DAG_urbania.py
[2026-01-30T21:08:14.070+0000] {processor.py:840} INFO - DAG(s) 'xml_to_mysql_etl' retrieved from /opt/airflow/dags/DAG_urbania.py
[2026-01-30T21:08:14.119+0000] {logging_mixin.py:188} INFO - [2026-01-30T21:08:14.119+0000] {dag.py:3036} INFO - Sync 1 DAGs
[2026-01-30T21:08:14.138+0000] {logging_mixin.py:188} INFO - [2026-01-30T21:08:14.137+0000] {dag.py:3823} INFO - Setting next_dagrun for xml_to_mysql_etl to 2026-01-29 00:00:00+00:00, run_after=2026-01-30 00:00:00+00:00
[2026-01-30T21:08:14.158+0000] {processor.py:183} INFO - Processing /opt/airflow/dags/DAG_urbania.py took 0.117 seconds
[2026-01-30T21:08:45.645+0000] {processor.py:161} INFO - Started process (PID=300) to work on /opt/airflow/dags/DAG_urbania.py
[2026-01-30T21:08:45.647+0000] {processor.py:830} INFO - Processing file /opt/airflow/dags/DAG_urbania.py for tasks to queue
[2026-01-30T21:08:45.648+0000] {logging_mixin.py:188} INFO - [2026-01-30T21:08:45.647+0000] {dagbag.py:538} INFO - Filling up the DagBag from /opt/airflow/dags/DAG_urbania.py
[2026-01-30T21:08:45.676+0000] {processor.py:840} INFO - DAG(s) 'xml_to_mysql_etl' retrieved from /opt/airflow/dags/DAG_urbania.py
[2026-01-30T21:08:45.729+0000] {logging_mixin.py:188} INFO - [2026-01-30T21:08:45.729+0000] {dag.py:3036} INFO - Sync 1 DAGs
[2026-01-30T21:08:45.750+0000] {logging_mixin.py:188} INFO - [2026-01-30T21:08:45.749+0000] {dag.py:3823} INFO - Setting next_dagrun for xml_to_mysql_etl to 2026-01-29 00:00:00+00:00, run_after=2026-01-30 00:00:00+00:00
[2026-01-30T21:08:45.772+0000] {processor.py:183} INFO - Processing /opt/airflow/dags/DAG_urbania.py took 0.132 seconds
[2026-01-30T21:09:17.351+0000] {processor.py:161} INFO - Started process (PID=305) to work on /opt/airflow/dags/DAG_urbania.py
[2026-01-30T21:09:17.352+0000] {processor.py:830} INFO - Processing file /opt/airflow/dags/DAG_urbania.py for tasks to queue
[2026-01-30T21:09:17.353+0000] {logging_mixin.py:188} INFO - [2026-01-30T21:09:17.353+0000] {dagbag.py:538} INFO - Filling up the DagBag from /opt/airflow/dags/DAG_urbania.py
[2026-01-30T21:09:17.372+0000] {processor.py:840} INFO - DAG(s) 'xml_to_mysql_etl' retrieved from /opt/airflow/dags/DAG_urbania.py
[2026-01-30T21:09:17.420+0000] {logging_mixin.py:188} INFO - [2026-01-30T21:09:17.420+0000] {dag.py:3036} INFO - Sync 1 DAGs
[2026-01-30T21:09:17.438+0000] {logging_mixin.py:188} INFO - [2026-01-30T21:09:17.438+0000] {dag.py:3823} INFO - Setting next_dagrun for xml_to_mysql_etl to 2026-01-29 00:00:00+00:00, run_after=2026-01-30 00:00:00+00:00
[2026-01-30T21:09:17.457+0000] {processor.py:183} INFO - Processing /opt/airflow/dags/DAG_urbania.py took 0.108 seconds
[2026-01-30T21:09:48.927+0000] {processor.py:161} INFO - Started process (PID=310) to work on /opt/airflow/dags/DAG_urbania.py
[2026-01-30T21:09:48.929+0000] {processor.py:830} INFO - Processing file /opt/airflow/dags/DAG_urbania.py for tasks to queue
[2026-01-30T21:09:48.929+0000] {logging_mixin.py:188} INFO - [2026-01-30T21:09:48.929+0000] {dagbag.py:538} INFO - Filling up the DagBag from /opt/airflow/dags/DAG_urbania.py
[2026-01-30T21:09:48.951+0000] {processor.py:840} INFO - DAG(s) 'xml_to_mysql_etl' retrieved from /opt/airflow/dags/DAG_urbania.py
[2026-01-30T21:09:49.002+0000] {logging_mixin.py:188} INFO - [2026-01-30T21:09:49.001+0000] {dag.py:3036} INFO - Sync 1 DAGs
[2026-01-30T21:09:49.022+0000] {logging_mixin.py:188} INFO - [2026-01-30T21:09:49.021+0000] {dag.py:3823} INFO - Setting next_dagrun for xml_to_mysql_etl to 2026-01-29 00:00:00+00:00, run_after=2026-01-30 00:00:00+00:00
[2026-01-30T21:09:49.041+0000] {processor.py:183} INFO - Processing /opt/airflow/dags/DAG_urbania.py took 0.118 seconds
[2026-01-30T21:10:20.582+0000] {processor.py:161} INFO - Started process (PID=315) to work on /opt/airflow/dags/DAG_urbania.py
[2026-01-30T21:10:20.584+0000] {processor.py:830} INFO - Processing file /opt/airflow/dags/DAG_urbania.py for tasks to queue
[2026-01-30T21:10:20.585+0000] {logging_mixin.py:188} INFO - [2026-01-30T21:10:20.584+0000] {dagbag.py:538} INFO - Filling up the DagBag from /opt/airflow/dags/DAG_urbania.py
[2026-01-30T21:10:20.623+0000] {processor.py:840} INFO - DAG(s) 'xml_to_mysql_etl' retrieved from /opt/airflow/dags/DAG_urbania.py
[2026-01-30T21:10:20.692+0000] {logging_mixin.py:188} INFO - [2026-01-30T21:10:20.692+0000] {dag.py:3036} INFO - Sync 1 DAGs
[2026-01-30T21:10:20.721+0000] {logging_mixin.py:188} INFO - [2026-01-30T21:10:20.720+0000] {dag.py:3823} INFO - Setting next_dagrun for xml_to_mysql_etl to 2026-01-29 00:00:00+00:00, run_after=2026-01-30 00:00:00+00:00
[2026-01-30T21:10:20.745+0000] {processor.py:183} INFO - Processing /opt/airflow/dags/DAG_urbania.py took 0.168 seconds
[2026-01-30T21:10:51.156+0000] {processor.py:161} INFO - Started process (PID=320) to work on /opt/airflow/dags/DAG_urbania.py
[2026-01-30T21:10:51.157+0000] {processor.py:830} INFO - Processing file /opt/airflow/dags/DAG_urbania.py for tasks to queue
[2026-01-30T21:10:51.158+0000] {logging_mixin.py:188} INFO - [2026-01-30T21:10:51.157+0000] {dagbag.py:538} INFO - Filling up the DagBag from /opt/airflow/dags/DAG_urbania.py
[2026-01-30T21:10:51.177+0000] {processor.py:840} INFO - DAG(s) 'xml_to_mysql_etl' retrieved from /opt/airflow/dags/DAG_urbania.py
[2026-01-30T21:10:51.223+0000] {logging_mixin.py:188} INFO - [2026-01-30T21:10:51.223+0000] {dag.py:3036} INFO - Sync 1 DAGs
[2026-01-30T21:10:51.244+0000] {logging_mixin.py:188} INFO - [2026-01-30T21:10:51.244+0000] {dag.py:3823} INFO - Setting next_dagrun for xml_to_mysql_etl to 2026-01-29 00:00:00+00:00, run_after=2026-01-30 00:00:00+00:00
[2026-01-30T21:10:51.273+0000] {processor.py:183} INFO - Processing /opt/airflow/dags/DAG_urbania.py took 0.121 seconds
[2026-01-30T21:11:22.761+0000] {processor.py:161} INFO - Started process (PID=325) to work on /opt/airflow/dags/DAG_urbania.py
[2026-01-30T21:11:22.762+0000] {processor.py:830} INFO - Processing file /opt/airflow/dags/DAG_urbania.py for tasks to queue
[2026-01-30T21:11:22.763+0000] {logging_mixin.py:188} INFO - [2026-01-30T21:11:22.763+0000] {dagbag.py:538} INFO - Filling up the DagBag from /opt/airflow/dags/DAG_urbania.py
[2026-01-30T21:11:22.783+0000] {processor.py:840} INFO - DAG(s) 'xml_to_mysql_etl' retrieved from /opt/airflow/dags/DAG_urbania.py
[2026-01-30T21:11:22.827+0000] {logging_mixin.py:188} INFO - [2026-01-30T21:11:22.827+0000] {dag.py:3036} INFO - Sync 1 DAGs
[2026-01-30T21:11:22.846+0000] {logging_mixin.py:188} INFO - [2026-01-30T21:11:22.846+0000] {dag.py:3823} INFO - Setting next_dagrun for xml_to_mysql_etl to 2026-01-29 00:00:00+00:00, run_after=2026-01-30 00:00:00+00:00
[2026-01-30T21:11:22.868+0000] {processor.py:183} INFO - Processing /opt/airflow/dags/DAG_urbania.py took 0.110 seconds
[2026-01-30T21:11:54.456+0000] {processor.py:161} INFO - Started process (PID=330) to work on /opt/airflow/dags/DAG_urbania.py
[2026-01-30T21:11:54.457+0000] {processor.py:830} INFO - Processing file /opt/airflow/dags/DAG_urbania.py for tasks to queue
[2026-01-30T21:11:54.458+0000] {logging_mixin.py:188} INFO - [2026-01-30T21:11:54.457+0000] {dagbag.py:538} INFO - Filling up the DagBag from /opt/airflow/dags/DAG_urbania.py
[2026-01-30T21:11:54.476+0000] {processor.py:840} INFO - DAG(s) 'xml_to_mysql_etl' retrieved from /opt/airflow/dags/DAG_urbania.py
[2026-01-30T21:11:54.517+0000] {logging_mixin.py:188} INFO - [2026-01-30T21:11:54.517+0000] {dag.py:3036} INFO - Sync 1 DAGs
[2026-01-30T21:11:54.534+0000] {logging_mixin.py:188} INFO - [2026-01-30T21:11:54.534+0000] {dag.py:3823} INFO - Setting next_dagrun for xml_to_mysql_etl to 2026-01-29 00:00:00+00:00, run_after=2026-01-30 00:00:00+00:00
[2026-01-30T21:11:54.562+0000] {processor.py:183} INFO - Processing /opt/airflow/dags/DAG_urbania.py took 0.109 seconds
[2026-01-30T21:12:26.020+0000] {processor.py:161} INFO - Started process (PID=335) to work on /opt/airflow/dags/DAG_urbania.py
[2026-01-30T21:12:26.021+0000] {processor.py:830} INFO - Processing file /opt/airflow/dags/DAG_urbania.py for tasks to queue
[2026-01-30T21:12:26.022+0000] {logging_mixin.py:188} INFO - [2026-01-30T21:12:26.021+0000] {dagbag.py:538} INFO - Filling up the DagBag from /opt/airflow/dags/DAG_urbania.py
[2026-01-30T21:12:26.040+0000] {processor.py:840} INFO - DAG(s) 'xml_to_mysql_etl' retrieved from /opt/airflow/dags/DAG_urbania.py
[2026-01-30T21:12:26.090+0000] {logging_mixin.py:188} INFO - [2026-01-30T21:12:26.089+0000] {dag.py:3036} INFO - Sync 1 DAGs
[2026-01-30T21:12:26.108+0000] {logging_mixin.py:188} INFO - [2026-01-30T21:12:26.108+0000] {dag.py:3823} INFO - Setting next_dagrun for xml_to_mysql_etl to 2026-01-29 00:00:00+00:00, run_after=2026-01-30 00:00:00+00:00
[2026-01-30T21:12:26.129+0000] {processor.py:183} INFO - Processing /opt/airflow/dags/DAG_urbania.py took 0.112 seconds
[2026-01-30T21:12:57.704+0000] {processor.py:161} INFO - Started process (PID=340) to work on /opt/airflow/dags/DAG_urbania.py
[2026-01-30T21:12:57.705+0000] {processor.py:830} INFO - Processing file /opt/airflow/dags/DAG_urbania.py for tasks to queue
[2026-01-30T21:12:57.706+0000] {logging_mixin.py:188} INFO - [2026-01-30T21:12:57.705+0000] {dagbag.py:538} INFO - Filling up the DagBag from /opt/airflow/dags/DAG_urbania.py
[2026-01-30T21:12:57.723+0000] {processor.py:840} INFO - DAG(s) 'xml_to_mysql_etl' retrieved from /opt/airflow/dags/DAG_urbania.py
[2026-01-30T21:12:57.764+0000] {logging_mixin.py:188} INFO - [2026-01-30T21:12:57.764+0000] {dag.py:3036} INFO - Sync 1 DAGs
[2026-01-30T21:12:57.784+0000] {logging_mixin.py:188} INFO - [2026-01-30T21:12:57.784+0000] {dag.py:3823} INFO - Setting next_dagrun for xml_to_mysql_etl to 2026-01-29 00:00:00+00:00, run_after=2026-01-30 00:00:00+00:00
[2026-01-30T21:12:57.803+0000] {processor.py:183} INFO - Processing /opt/airflow/dags/DAG_urbania.py took 0.101 seconds
[2026-01-30T21:13:28.419+0000] {processor.py:161} INFO - Started process (PID=345) to work on /opt/airflow/dags/DAG_urbania.py
[2026-01-30T21:13:28.420+0000] {processor.py:830} INFO - Processing file /opt/airflow/dags/DAG_urbania.py for tasks to queue
[2026-01-30T21:13:28.420+0000] {logging_mixin.py:188} INFO - [2026-01-30T21:13:28.420+0000] {dagbag.py:538} INFO - Filling up the DagBag from /opt/airflow/dags/DAG_urbania.py
[2026-01-30T21:13:28.440+0000] {processor.py:840} INFO - DAG(s) 'xml_to_mysql_etl' retrieved from /opt/airflow/dags/DAG_urbania.py
[2026-01-30T21:13:28.486+0000] {logging_mixin.py:188} INFO - [2026-01-30T21:13:28.486+0000] {dag.py:3036} INFO - Sync 1 DAGs
[2026-01-30T21:13:28.504+0000] {logging_mixin.py:188} INFO - [2026-01-30T21:13:28.504+0000] {dag.py:3823} INFO - Setting next_dagrun for xml_to_mysql_etl to 2026-01-29 00:00:00+00:00, run_after=2026-01-30 00:00:00+00:00
[2026-01-30T21:13:28.525+0000] {processor.py:183} INFO - Processing /opt/airflow/dags/DAG_urbania.py took 0.109 seconds
[2026-01-30T21:13:44.623+0000] {processor.py:161} INFO - Started process (PID=350) to work on /opt/airflow/dags/DAG_urbania.py
[2026-01-30T21:13:44.624+0000] {processor.py:830} INFO - Processing file /opt/airflow/dags/DAG_urbania.py for tasks to queue
[2026-01-30T21:13:44.625+0000] {logging_mixin.py:188} INFO - [2026-01-30T21:13:44.625+0000] {dagbag.py:538} INFO - Filling up the DagBag from /opt/airflow/dags/DAG_urbania.py
[2026-01-30T21:13:44.651+0000] {logging_mixin.py:188} INFO - [2026-01-30T21:13:44.647+0000] {dagbag.py:348} ERROR - Failed to import: /opt/airflow/dags/DAG_urbania.py
Traceback (most recent call last):
  File "/home/airflow/.local/lib/python3.11/site-packages/airflow/models/dagbag.py", line 344, in parse
    loader.exec_module(new_module)
  File "<frozen importlib._bootstrap_external>", line 940, in exec_module
  File "<frozen importlib._bootstrap>", line 241, in _call_with_frames_removed
  File "/opt/airflow/dags/DAG_urbania.py", line 33, in <module>
    python_callable=check_mysql_connection,
                    ^^^^^^^^^^^^^^^^^^^^^^
NameError: name 'check_mysql_connection' is not defined
[2026-01-30T21:13:44.652+0000] {processor.py:842} WARNING - No viable dags retrieved from /opt/airflow/dags/DAG_urbania.py
[2026-01-30T21:13:44.694+0000] {processor.py:183} INFO - Processing /opt/airflow/dags/DAG_urbania.py took 0.074 seconds
[2026-01-30T21:14:12.200+0000] {processor.py:161} INFO - Started process (PID=355) to work on /opt/airflow/dags/DAG_urbania.py
[2026-01-30T21:14:12.201+0000] {processor.py:830} INFO - Processing file /opt/airflow/dags/DAG_urbania.py for tasks to queue
[2026-01-30T21:14:12.202+0000] {logging_mixin.py:188} INFO - [2026-01-30T21:14:12.202+0000] {dagbag.py:538} INFO - Filling up the DagBag from /opt/airflow/dags/DAG_urbania.py
[2026-01-30T21:14:12.232+0000] {logging_mixin.py:188} INFO - [2026-01-30T21:14:12.225+0000] {dagbag.py:348} ERROR - Failed to import: /opt/airflow/dags/DAG_urbania.py
Traceback (most recent call last):
  File "/home/airflow/.local/lib/python3.11/site-packages/airflow/models/dagbag.py", line 344, in parse
    loader.exec_module(new_module)
  File "<frozen importlib._bootstrap_external>", line 940, in exec_module
  File "<frozen importlib._bootstrap>", line 241, in _call_with_frames_removed
  File "/opt/airflow/dags/DAG_urbania.py", line 58, in <module>
    python_callable=verify_etl_results,
                    ^^^^^^^^^^^^^^^^^^
NameError: name 'verify_etl_results' is not defined
[2026-01-30T21:14:12.233+0000] {processor.py:842} WARNING - No viable dags retrieved from /opt/airflow/dags/DAG_urbania.py
[2026-01-30T21:14:12.287+0000] {processor.py:183} INFO - Processing /opt/airflow/dags/DAG_urbania.py took 0.090 seconds
[2026-01-30T21:14:42.812+0000] {processor.py:161} INFO - Started process (PID=360) to work on /opt/airflow/dags/DAG_urbania.py
[2026-01-30T21:14:42.813+0000] {processor.py:830} INFO - Processing file /opt/airflow/dags/DAG_urbania.py for tasks to queue
[2026-01-30T21:14:42.814+0000] {logging_mixin.py:188} INFO - [2026-01-30T21:14:42.813+0000] {dagbag.py:538} INFO - Filling up the DagBag from /opt/airflow/dags/DAG_urbania.py
[2026-01-30T21:14:42.831+0000] {logging_mixin.py:188} INFO - [2026-01-30T21:14:42.828+0000] {dagbag.py:348} ERROR - Failed to import: /opt/airflow/dags/DAG_urbania.py
Traceback (most recent call last):
  File "/home/airflow/.local/lib/python3.11/site-packages/airflow/models/dagbag.py", line 344, in parse
    loader.exec_module(new_module)
  File "<frozen importlib._bootstrap_external>", line 940, in exec_module
  File "<frozen importlib._bootstrap>", line 241, in _call_with_frames_removed
  File "/opt/airflow/dags/DAG_urbania.py", line 58, in <module>
    python_callable=verify_etl_results,
                    ^^^^^^^^^^^^^^^^^^
NameError: name 'verify_etl_results' is not defined
[2026-01-30T21:14:42.832+0000] {processor.py:842} WARNING - No viable dags retrieved from /opt/airflow/dags/DAG_urbania.py
[2026-01-30T21:14:42.873+0000] {processor.py:183} INFO - Processing /opt/airflow/dags/DAG_urbania.py took 0.064 seconds
[2026-01-30T21:15:13.450+0000] {processor.py:161} INFO - Started process (PID=365) to work on /opt/airflow/dags/DAG_urbania.py
[2026-01-30T21:15:13.451+0000] {processor.py:830} INFO - Processing file /opt/airflow/dags/DAG_urbania.py for tasks to queue
[2026-01-30T21:15:13.452+0000] {logging_mixin.py:188} INFO - [2026-01-30T21:15:13.452+0000] {dagbag.py:538} INFO - Filling up the DagBag from /opt/airflow/dags/DAG_urbania.py
[2026-01-30T21:15:13.470+0000] {logging_mixin.py:188} INFO - [2026-01-30T21:15:13.467+0000] {dagbag.py:348} ERROR - Failed to import: /opt/airflow/dags/DAG_urbania.py
Traceback (most recent call last):
  File "/home/airflow/.local/lib/python3.11/site-packages/airflow/models/dagbag.py", line 344, in parse
    loader.exec_module(new_module)
  File "<frozen importlib._bootstrap_external>", line 940, in exec_module
  File "<frozen importlib._bootstrap>", line 241, in _call_with_frames_removed
  File "/opt/airflow/dags/DAG_urbania.py", line 58, in <module>
    python_callable=verify_etl_results,
                    ^^^^^^^^^^^^^^^^^^
NameError: name 'verify_etl_results' is not defined
[2026-01-30T21:15:13.471+0000] {processor.py:842} WARNING - No viable dags retrieved from /opt/airflow/dags/DAG_urbania.py
[2026-01-30T21:15:13.514+0000] {processor.py:183} INFO - Processing /opt/airflow/dags/DAG_urbania.py took 0.067 seconds
[2026-01-30T21:15:44.073+0000] {processor.py:161} INFO - Started process (PID=370) to work on /opt/airflow/dags/DAG_urbania.py
[2026-01-30T21:15:44.074+0000] {processor.py:830} INFO - Processing file /opt/airflow/dags/DAG_urbania.py for tasks to queue
[2026-01-30T21:15:44.075+0000] {logging_mixin.py:188} INFO - [2026-01-30T21:15:44.074+0000] {dagbag.py:538} INFO - Filling up the DagBag from /opt/airflow/dags/DAG_urbania.py
[2026-01-30T21:15:44.093+0000] {logging_mixin.py:188} INFO - [2026-01-30T21:15:44.090+0000] {dagbag.py:348} ERROR - Failed to import: /opt/airflow/dags/DAG_urbania.py
Traceback (most recent call last):
  File "/home/airflow/.local/lib/python3.11/site-packages/airflow/models/dagbag.py", line 344, in parse
    loader.exec_module(new_module)
  File "<frozen importlib._bootstrap_external>", line 940, in exec_module
  File "<frozen importlib._bootstrap>", line 241, in _call_with_frames_removed
  File "/opt/airflow/dags/DAG_urbania.py", line 58, in <module>
    python_callable=verify_etl_results,
                    ^^^^^^^^^^^^^^^^^^
NameError: name 'verify_etl_results' is not defined
[2026-01-30T21:15:44.094+0000] {processor.py:842} WARNING - No viable dags retrieved from /opt/airflow/dags/DAG_urbania.py
[2026-01-30T21:15:44.133+0000] {processor.py:183} INFO - Processing /opt/airflow/dags/DAG_urbania.py took 0.063 seconds
[2026-01-30T21:16:13.697+0000] {processor.py:161} INFO - Started process (PID=375) to work on /opt/airflow/dags/DAG_urbania.py
[2026-01-30T21:16:13.698+0000] {processor.py:830} INFO - Processing file /opt/airflow/dags/DAG_urbania.py for tasks to queue
[2026-01-30T21:16:13.698+0000] {logging_mixin.py:188} INFO - [2026-01-30T21:16:13.698+0000] {dagbag.py:538} INFO - Filling up the DagBag from /opt/airflow/dags/DAG_urbania.py
[2026-01-30T21:16:13.724+0000] {logging_mixin.py:188} INFO - [2026-01-30T21:16:13.721+0000] {dagbag.py:348} ERROR - Failed to import: /opt/airflow/dags/DAG_urbania.py
Traceback (most recent call last):
  File "/home/airflow/.local/lib/python3.11/site-packages/airflow/models/dagbag.py", line 344, in parse
    loader.exec_module(new_module)
  File "<frozen importlib._bootstrap_external>", line 940, in exec_module
  File "<frozen importlib._bootstrap>", line 241, in _call_with_frames_removed
  File "/opt/airflow/dags/DAG_urbania.py", line 58, in <module>
    python_callable=verify_etl_results,
                    ^^^^^^^^^^^^^^^^^^
NameError: name 'verify_etl_results' is not defined
[2026-01-30T21:16:13.725+0000] {processor.py:842} WARNING - No viable dags retrieved from /opt/airflow/dags/DAG_urbania.py
[2026-01-30T21:16:13.776+0000] {processor.py:183} INFO - Processing /opt/airflow/dags/DAG_urbania.py took 0.082 seconds
[2026-01-30T21:16:44.287+0000] {processor.py:161} INFO - Started process (PID=380) to work on /opt/airflow/dags/DAG_urbania.py
[2026-01-30T21:16:44.288+0000] {processor.py:830} INFO - Processing file /opt/airflow/dags/DAG_urbania.py for tasks to queue
[2026-01-30T21:16:44.288+0000] {logging_mixin.py:188} INFO - [2026-01-30T21:16:44.288+0000] {dagbag.py:538} INFO - Filling up the DagBag from /opt/airflow/dags/DAG_urbania.py
[2026-01-30T21:16:44.306+0000] {logging_mixin.py:188} INFO - [2026-01-30T21:16:44.303+0000] {dagbag.py:348} ERROR - Failed to import: /opt/airflow/dags/DAG_urbania.py
Traceback (most recent call last):
  File "/home/airflow/.local/lib/python3.11/site-packages/airflow/models/dagbag.py", line 344, in parse
    loader.exec_module(new_module)
  File "<frozen importlib._bootstrap_external>", line 940, in exec_module
  File "<frozen importlib._bootstrap>", line 241, in _call_with_frames_removed
  File "/opt/airflow/dags/DAG_urbania.py", line 58, in <module>
    python_callable=verify_etl_results,
                    ^^^^^^^^^^^^^^^^^^
NameError: name 'verify_etl_results' is not defined
[2026-01-30T21:16:44.307+0000] {processor.py:842} WARNING - No viable dags retrieved from /opt/airflow/dags/DAG_urbania.py
[2026-01-30T21:16:44.350+0000] {processor.py:183} INFO - Processing /opt/airflow/dags/DAG_urbania.py took 0.067 seconds
[2026-01-30T21:17:01.440+0000] {processor.py:161} INFO - Started process (PID=385) to work on /opt/airflow/dags/DAG_urbania.py
[2026-01-30T21:17:01.441+0000] {processor.py:830} INFO - Processing file /opt/airflow/dags/DAG_urbania.py for tasks to queue
[2026-01-30T21:17:01.442+0000] {logging_mixin.py:188} INFO - [2026-01-30T21:17:01.442+0000] {dagbag.py:538} INFO - Filling up the DagBag from /opt/airflow/dags/DAG_urbania.py
[2026-01-30T21:17:01.469+0000] {processor.py:840} INFO - DAG(s) 'xml_to_mysql_etl' retrieved from /opt/airflow/dags/DAG_urbania.py
[2026-01-30T21:17:01.635+0000] {logging_mixin.py:188} INFO - [2026-01-30T21:17:01.635+0000] {dag.py:3036} INFO - Sync 1 DAGs
[2026-01-30T21:17:01.651+0000] {logging_mixin.py:188} INFO - [2026-01-30T21:17:01.651+0000] {dag.py:3823} INFO - Setting next_dagrun for xml_to_mysql_etl to 2026-01-29 00:00:00+00:00, run_after=2026-01-30 00:00:00+00:00
[2026-01-30T21:17:01.690+0000] {processor.py:183} INFO - Processing /opt/airflow/dags/DAG_urbania.py took 0.254 seconds
[2026-01-30T21:17:31.045+0000] {processor.py:161} INFO - Started process (PID=390) to work on /opt/airflow/dags/DAG_urbania.py
[2026-01-30T21:17:31.046+0000] {processor.py:830} INFO - Processing file /opt/airflow/dags/DAG_urbania.py for tasks to queue
[2026-01-30T21:17:31.047+0000] {logging_mixin.py:188} INFO - [2026-01-30T21:17:31.047+0000] {dagbag.py:538} INFO - Filling up the DagBag from /opt/airflow/dags/DAG_urbania.py
[2026-01-30T21:17:31.073+0000] {processor.py:840} INFO - DAG(s) 'xml_to_mysql_etl' retrieved from /opt/airflow/dags/DAG_urbania.py
[2026-01-30T21:17:31.105+0000] {logging_mixin.py:188} INFO - [2026-01-30T21:17:31.105+0000] {dag.py:3036} INFO - Sync 1 DAGs
[2026-01-30T21:17:31.126+0000] {logging_mixin.py:188} INFO - [2026-01-30T21:17:31.125+0000] {dag.py:3823} INFO - Setting next_dagrun for xml_to_mysql_etl to 2026-01-29 00:00:00+00:00, run_after=2026-01-30 00:00:00+00:00
[2026-01-30T21:17:31.152+0000] {processor.py:183} INFO - Processing /opt/airflow/dags/DAG_urbania.py took 0.110 seconds
[2026-01-30T21:17:31.192+0000] {processor.py:161} INFO - Started process (PID=395) to work on /opt/airflow/dags/DAG_urbania.py
[2026-01-30T21:17:31.193+0000] {processor.py:830} INFO - Processing file /opt/airflow/dags/DAG_urbania.py for tasks to queue
[2026-01-30T21:17:31.194+0000] {logging_mixin.py:188} INFO - [2026-01-30T21:17:31.194+0000] {dagbag.py:538} INFO - Filling up the DagBag from /opt/airflow/dags/DAG_urbania.py
[2026-01-30T21:17:31.217+0000] {processor.py:840} INFO - DAG(s) 'xml_to_mysql_etl' retrieved from /opt/airflow/dags/DAG_urbania.py
[2026-01-30T21:17:31.250+0000] {logging_mixin.py:188} INFO - [2026-01-30T21:17:31.249+0000] {dag.py:3036} INFO - Sync 1 DAGs
[2026-01-30T21:17:31.274+0000] {logging_mixin.py:188} INFO - [2026-01-30T21:17:31.274+0000] {dag.py:3823} INFO - Setting next_dagrun for xml_to_mysql_etl to 2026-01-29 00:00:00+00:00, run_after=2026-01-30 00:00:00+00:00
[2026-01-30T21:17:31.307+0000] {processor.py:183} INFO - Processing /opt/airflow/dags/DAG_urbania.py took 0.118 seconds
[2026-01-30T21:18:01.792+0000] {processor.py:161} INFO - Started process (PID=400) to work on /opt/airflow/dags/DAG_urbania.py
[2026-01-30T21:18:01.793+0000] {processor.py:830} INFO - Processing file /opt/airflow/dags/DAG_urbania.py for tasks to queue
[2026-01-30T21:18:01.794+0000] {logging_mixin.py:188} INFO - [2026-01-30T21:18:01.793+0000] {dagbag.py:538} INFO - Filling up the DagBag from /opt/airflow/dags/DAG_urbania.py
[2026-01-30T21:18:01.813+0000] {processor.py:840} INFO - DAG(s) 'xml_to_mysql_etl' retrieved from /opt/airflow/dags/DAG_urbania.py
[2026-01-30T21:18:01.923+0000] {logging_mixin.py:188} INFO - [2026-01-30T21:18:01.923+0000] {dag.py:3036} INFO - Sync 1 DAGs
[2026-01-30T21:18:01.940+0000] {logging_mixin.py:188} INFO - [2026-01-30T21:18:01.940+0000] {dag.py:3823} INFO - Setting next_dagrun for xml_to_mysql_etl to 2026-01-29 00:00:00+00:00, run_after=2026-01-30 00:00:00+00:00
[2026-01-30T21:18:01.962+0000] {processor.py:183} INFO - Processing /opt/airflow/dags/DAG_urbania.py took 0.174 seconds
[2026-01-30T21:18:32.524+0000] {processor.py:161} INFO - Started process (PID=405) to work on /opt/airflow/dags/DAG_urbania.py
[2026-01-30T21:18:32.525+0000] {processor.py:830} INFO - Processing file /opt/airflow/dags/DAG_urbania.py for tasks to queue
[2026-01-30T21:18:32.526+0000] {logging_mixin.py:188} INFO - [2026-01-30T21:18:32.526+0000] {dagbag.py:538} INFO - Filling up the DagBag from /opt/airflow/dags/DAG_urbania.py
[2026-01-30T21:18:32.544+0000] {processor.py:840} INFO - DAG(s) 'xml_to_mysql_etl' retrieved from /opt/airflow/dags/DAG_urbania.py
[2026-01-30T21:18:32.589+0000] {logging_mixin.py:188} INFO - [2026-01-30T21:18:32.588+0000] {dag.py:3036} INFO - Sync 1 DAGs
[2026-01-30T21:18:32.606+0000] {logging_mixin.py:188} INFO - [2026-01-30T21:18:32.606+0000] {dag.py:3823} INFO - Setting next_dagrun for xml_to_mysql_etl to 2026-01-29 00:00:00+00:00, run_after=2026-01-30 00:00:00+00:00
[2026-01-30T21:18:32.634+0000] {processor.py:183} INFO - Processing /opt/airflow/dags/DAG_urbania.py took 0.113 seconds
[2026-01-30T21:19:03.170+0000] {processor.py:161} INFO - Started process (PID=410) to work on /opt/airflow/dags/DAG_urbania.py
[2026-01-30T21:19:03.171+0000] {processor.py:830} INFO - Processing file /opt/airflow/dags/DAG_urbania.py for tasks to queue
[2026-01-30T21:19:03.171+0000] {logging_mixin.py:188} INFO - [2026-01-30T21:19:03.171+0000] {dagbag.py:538} INFO - Filling up the DagBag from /opt/airflow/dags/DAG_urbania.py
[2026-01-30T21:19:03.190+0000] {processor.py:840} INFO - DAG(s) 'xml_to_mysql_etl' retrieved from /opt/airflow/dags/DAG_urbania.py
[2026-01-30T21:19:03.236+0000] {logging_mixin.py:188} INFO - [2026-01-30T21:19:03.235+0000] {dag.py:3036} INFO - Sync 1 DAGs
[2026-01-30T21:19:03.255+0000] {logging_mixin.py:188} INFO - [2026-01-30T21:19:03.255+0000] {dag.py:3823} INFO - Setting next_dagrun for xml_to_mysql_etl to 2026-01-29 00:00:00+00:00, run_after=2026-01-30 00:00:00+00:00
[2026-01-30T21:19:03.274+0000] {processor.py:183} INFO - Processing /opt/airflow/dags/DAG_urbania.py took 0.107 seconds
[2026-01-30T21:19:33.879+0000] {processor.py:161} INFO - Started process (PID=415) to work on /opt/airflow/dags/DAG_urbania.py
[2026-01-30T21:19:33.880+0000] {processor.py:830} INFO - Processing file /opt/airflow/dags/DAG_urbania.py for tasks to queue
[2026-01-30T21:19:33.881+0000] {logging_mixin.py:188} INFO - [2026-01-30T21:19:33.881+0000] {dagbag.py:538} INFO - Filling up the DagBag from /opt/airflow/dags/DAG_urbania.py
[2026-01-30T21:19:33.899+0000] {processor.py:840} INFO - DAG(s) 'xml_to_mysql_etl' retrieved from /opt/airflow/dags/DAG_urbania.py
[2026-01-30T21:19:33.942+0000] {logging_mixin.py:188} INFO - [2026-01-30T21:19:33.942+0000] {dag.py:3036} INFO - Sync 1 DAGs
[2026-01-30T21:19:33.960+0000] {logging_mixin.py:188} INFO - [2026-01-30T21:19:33.960+0000] {dag.py:3823} INFO - Setting next_dagrun for xml_to_mysql_etl to 2026-01-29 00:00:00+00:00, run_after=2026-01-30 00:00:00+00:00
[2026-01-30T21:19:33.979+0000] {processor.py:183} INFO - Processing /opt/airflow/dags/DAG_urbania.py took 0.103 seconds
[2026-01-30T21:20:04.509+0000] {processor.py:161} INFO - Started process (PID=420) to work on /opt/airflow/dags/DAG_urbania.py
[2026-01-30T21:20:04.510+0000] {processor.py:830} INFO - Processing file /opt/airflow/dags/DAG_urbania.py for tasks to queue
[2026-01-30T21:20:04.511+0000] {logging_mixin.py:188} INFO - [2026-01-30T21:20:04.510+0000] {dagbag.py:538} INFO - Filling up the DagBag from /opt/airflow/dags/DAG_urbania.py
[2026-01-30T21:20:04.530+0000] {processor.py:840} INFO - DAG(s) 'xml_to_mysql_etl' retrieved from /opt/airflow/dags/DAG_urbania.py
[2026-01-30T21:20:04.576+0000] {logging_mixin.py:188} INFO - [2026-01-30T21:20:04.575+0000] {dag.py:3036} INFO - Sync 1 DAGs
[2026-01-30T21:20:04.595+0000] {logging_mixin.py:188} INFO - [2026-01-30T21:20:04.594+0000] {dag.py:3823} INFO - Setting next_dagrun for xml_to_mysql_etl to 2026-01-29 00:00:00+00:00, run_after=2026-01-30 00:00:00+00:00
[2026-01-30T21:20:04.617+0000] {processor.py:183} INFO - Processing /opt/airflow/dags/DAG_urbania.py took 0.112 seconds
[2026-01-30T21:20:35.211+0000] {processor.py:161} INFO - Started process (PID=425) to work on /opt/airflow/dags/DAG_urbania.py
[2026-01-30T21:20:35.212+0000] {processor.py:830} INFO - Processing file /opt/airflow/dags/DAG_urbania.py for tasks to queue
[2026-01-30T21:20:35.214+0000] {logging_mixin.py:188} INFO - [2026-01-30T21:20:35.213+0000] {dagbag.py:538} INFO - Filling up the DagBag from /opt/airflow/dags/DAG_urbania.py
[2026-01-30T21:20:35.239+0000] {processor.py:840} INFO - DAG(s) 'xml_to_mysql_etl' retrieved from /opt/airflow/dags/DAG_urbania.py
[2026-01-30T21:20:35.285+0000] {logging_mixin.py:188} INFO - [2026-01-30T21:20:35.285+0000] {dag.py:3036} INFO - Sync 1 DAGs
[2026-01-30T21:20:35.304+0000] {logging_mixin.py:188} INFO - [2026-01-30T21:20:35.304+0000] {dag.py:3823} INFO - Setting next_dagrun for xml_to_mysql_etl to 2026-01-29 00:00:00+00:00, run_after=2026-01-30 00:00:00+00:00
[2026-01-30T21:20:35.325+0000] {processor.py:183} INFO - Processing /opt/airflow/dags/DAG_urbania.py took 0.118 seconds
[2026-01-30T21:21:05.831+0000] {processor.py:161} INFO - Started process (PID=430) to work on /opt/airflow/dags/DAG_urbania.py
[2026-01-30T21:21:05.832+0000] {processor.py:830} INFO - Processing file /opt/airflow/dags/DAG_urbania.py for tasks to queue
[2026-01-30T21:21:05.833+0000] {logging_mixin.py:188} INFO - [2026-01-30T21:21:05.833+0000] {dagbag.py:538} INFO - Filling up the DagBag from /opt/airflow/dags/DAG_urbania.py
[2026-01-30T21:21:05.850+0000] {processor.py:840} INFO - DAG(s) 'xml_to_mysql_etl' retrieved from /opt/airflow/dags/DAG_urbania.py
[2026-01-30T21:21:05.891+0000] {logging_mixin.py:188} INFO - [2026-01-30T21:21:05.891+0000] {dag.py:3036} INFO - Sync 1 DAGs
[2026-01-30T21:21:05.909+0000] {logging_mixin.py:188} INFO - [2026-01-30T21:21:05.909+0000] {dag.py:3823} INFO - Setting next_dagrun for xml_to_mysql_etl to 2026-01-29 00:00:00+00:00, run_after=2026-01-30 00:00:00+00:00
[2026-01-30T21:21:05.941+0000] {processor.py:183} INFO - Processing /opt/airflow/dags/DAG_urbania.py took 0.113 seconds
[2026-01-30T21:21:36.547+0000] {processor.py:161} INFO - Started process (PID=435) to work on /opt/airflow/dags/DAG_urbania.py
[2026-01-30T21:21:36.548+0000] {processor.py:830} INFO - Processing file /opt/airflow/dags/DAG_urbania.py for tasks to queue
[2026-01-30T21:21:36.549+0000] {logging_mixin.py:188} INFO - [2026-01-30T21:21:36.548+0000] {dagbag.py:538} INFO - Filling up the DagBag from /opt/airflow/dags/DAG_urbania.py
[2026-01-30T21:21:36.567+0000] {processor.py:840} INFO - DAG(s) 'xml_to_mysql_etl' retrieved from /opt/airflow/dags/DAG_urbania.py
[2026-01-30T21:21:36.609+0000] {logging_mixin.py:188} INFO - [2026-01-30T21:21:36.609+0000] {dag.py:3036} INFO - Sync 1 DAGs
[2026-01-30T21:21:36.627+0000] {logging_mixin.py:188} INFO - [2026-01-30T21:21:36.626+0000] {dag.py:3823} INFO - Setting next_dagrun for xml_to_mysql_etl to 2026-01-29 00:00:00+00:00, run_after=2026-01-30 00:00:00+00:00
[2026-01-30T21:21:36.646+0000] {processor.py:183} INFO - Processing /opt/airflow/dags/DAG_urbania.py took 0.102 seconds
[2026-01-30T21:22:07.189+0000] {processor.py:161} INFO - Started process (PID=440) to work on /opt/airflow/dags/DAG_urbania.py
[2026-01-30T21:22:07.190+0000] {processor.py:830} INFO - Processing file /opt/airflow/dags/DAG_urbania.py for tasks to queue
[2026-01-30T21:22:07.191+0000] {logging_mixin.py:188} INFO - [2026-01-30T21:22:07.191+0000] {dagbag.py:538} INFO - Filling up the DagBag from /opt/airflow/dags/DAG_urbania.py
[2026-01-30T21:22:07.209+0000] {processor.py:840} INFO - DAG(s) 'xml_to_mysql_etl' retrieved from /opt/airflow/dags/DAG_urbania.py
[2026-01-30T21:22:07.252+0000] {logging_mixin.py:188} INFO - [2026-01-30T21:22:07.252+0000] {dag.py:3036} INFO - Sync 1 DAGs
[2026-01-30T21:22:07.271+0000] {logging_mixin.py:188} INFO - [2026-01-30T21:22:07.270+0000] {dag.py:3823} INFO - Setting next_dagrun for xml_to_mysql_etl to 2026-01-29 00:00:00+00:00, run_after=2026-01-30 00:00:00+00:00
[2026-01-30T21:22:07.290+0000] {processor.py:183} INFO - Processing /opt/airflow/dags/DAG_urbania.py took 0.104 seconds
[2026-01-30T21:22:37.895+0000] {processor.py:161} INFO - Started process (PID=445) to work on /opt/airflow/dags/DAG_urbania.py
[2026-01-30T21:22:37.896+0000] {processor.py:830} INFO - Processing file /opt/airflow/dags/DAG_urbania.py for tasks to queue
[2026-01-30T21:22:37.898+0000] {logging_mixin.py:188} INFO - [2026-01-30T21:22:37.897+0000] {dagbag.py:538} INFO - Filling up the DagBag from /opt/airflow/dags/DAG_urbania.py
[2026-01-30T21:22:37.917+0000] {processor.py:840} INFO - DAG(s) 'xml_to_mysql_etl' retrieved from /opt/airflow/dags/DAG_urbania.py
[2026-01-30T21:22:37.962+0000] {logging_mixin.py:188} INFO - [2026-01-30T21:22:37.962+0000] {dag.py:3036} INFO - Sync 1 DAGs
[2026-01-30T21:22:37.981+0000] {logging_mixin.py:188} INFO - [2026-01-30T21:22:37.981+0000] {dag.py:3823} INFO - Setting next_dagrun for xml_to_mysql_etl to 2026-01-29 00:00:00+00:00, run_after=2026-01-30 00:00:00+00:00
[2026-01-30T21:22:38.003+0000] {processor.py:183} INFO - Processing /opt/airflow/dags/DAG_urbania.py took 0.110 seconds
[2026-01-30T21:23:08.529+0000] {processor.py:161} INFO - Started process (PID=450) to work on /opt/airflow/dags/DAG_urbania.py
[2026-01-30T21:23:08.530+0000] {processor.py:830} INFO - Processing file /opt/airflow/dags/DAG_urbania.py for tasks to queue
[2026-01-30T21:23:08.531+0000] {logging_mixin.py:188} INFO - [2026-01-30T21:23:08.530+0000] {dagbag.py:538} INFO - Filling up the DagBag from /opt/airflow/dags/DAG_urbania.py
[2026-01-30T21:23:08.550+0000] {processor.py:840} INFO - DAG(s) 'xml_to_mysql_etl' retrieved from /opt/airflow/dags/DAG_urbania.py
[2026-01-30T21:23:08.601+0000] {logging_mixin.py:188} INFO - [2026-01-30T21:23:08.601+0000] {dag.py:3036} INFO - Sync 1 DAGs
[2026-01-30T21:23:08.620+0000] {logging_mixin.py:188} INFO - [2026-01-30T21:23:08.620+0000] {dag.py:3823} INFO - Setting next_dagrun for xml_to_mysql_etl to 2026-01-29 00:00:00+00:00, run_after=2026-01-30 00:00:00+00:00
[2026-01-30T21:23:08.648+0000] {processor.py:183} INFO - Processing /opt/airflow/dags/DAG_urbania.py took 0.122 seconds
[2026-01-30T21:23:39.260+0000] {processor.py:161} INFO - Started process (PID=455) to work on /opt/airflow/dags/DAG_urbania.py
[2026-01-30T21:23:39.261+0000] {processor.py:830} INFO - Processing file /opt/airflow/dags/DAG_urbania.py for tasks to queue
[2026-01-30T21:23:39.262+0000] {logging_mixin.py:188} INFO - [2026-01-30T21:23:39.262+0000] {dagbag.py:538} INFO - Filling up the DagBag from /opt/airflow/dags/DAG_urbania.py
[2026-01-30T21:23:39.285+0000] {processor.py:840} INFO - DAG(s) 'xml_to_mysql_etl' retrieved from /opt/airflow/dags/DAG_urbania.py
[2026-01-30T21:23:39.328+0000] {logging_mixin.py:188} INFO - [2026-01-30T21:23:39.327+0000] {dag.py:3036} INFO - Sync 1 DAGs
[2026-01-30T21:23:39.346+0000] {logging_mixin.py:188} INFO - [2026-01-30T21:23:39.346+0000] {dag.py:3823} INFO - Setting next_dagrun for xml_to_mysql_etl to 2026-01-29 00:00:00+00:00, run_after=2026-01-30 00:00:00+00:00
[2026-01-30T21:23:39.374+0000] {processor.py:183} INFO - Processing /opt/airflow/dags/DAG_urbania.py took 0.117 seconds
[2026-01-30T21:24:09.957+0000] {processor.py:161} INFO - Started process (PID=460) to work on /opt/airflow/dags/DAG_urbania.py
[2026-01-30T21:24:09.958+0000] {processor.py:830} INFO - Processing file /opt/airflow/dags/DAG_urbania.py for tasks to queue
[2026-01-30T21:24:09.958+0000] {logging_mixin.py:188} INFO - [2026-01-30T21:24:09.958+0000] {dagbag.py:538} INFO - Filling up the DagBag from /opt/airflow/dags/DAG_urbania.py
[2026-01-30T21:24:09.977+0000] {processor.py:840} INFO - DAG(s) 'xml_to_mysql_etl' retrieved from /opt/airflow/dags/DAG_urbania.py
[2026-01-30T21:24:10.021+0000] {logging_mixin.py:188} INFO - [2026-01-30T21:24:10.020+0000] {dag.py:3036} INFO - Sync 1 DAGs
[2026-01-30T21:24:10.039+0000] {logging_mixin.py:188} INFO - [2026-01-30T21:24:10.039+0000] {dag.py:3823} INFO - Setting next_dagrun for xml_to_mysql_etl to 2026-01-29 00:00:00+00:00, run_after=2026-01-30 00:00:00+00:00
[2026-01-30T21:24:10.061+0000] {processor.py:183} INFO - Processing /opt/airflow/dags/DAG_urbania.py took 0.107 seconds
[2026-01-30T21:24:40.650+0000] {processor.py:161} INFO - Started process (PID=465) to work on /opt/airflow/dags/DAG_urbania.py
[2026-01-30T21:24:40.651+0000] {processor.py:830} INFO - Processing file /opt/airflow/dags/DAG_urbania.py for tasks to queue
[2026-01-30T21:24:40.652+0000] {logging_mixin.py:188} INFO - [2026-01-30T21:24:40.652+0000] {dagbag.py:538} INFO - Filling up the DagBag from /opt/airflow/dags/DAG_urbania.py
[2026-01-30T21:24:40.670+0000] {processor.py:840} INFO - DAG(s) 'xml_to_mysql_etl' retrieved from /opt/airflow/dags/DAG_urbania.py
[2026-01-30T21:24:40.714+0000] {logging_mixin.py:188} INFO - [2026-01-30T21:24:40.714+0000] {dag.py:3036} INFO - Sync 1 DAGs
[2026-01-30T21:24:40.734+0000] {logging_mixin.py:188} INFO - [2026-01-30T21:24:40.734+0000] {dag.py:3823} INFO - Setting next_dagrun for xml_to_mysql_etl to 2026-01-29 00:00:00+00:00, run_after=2026-01-30 00:00:00+00:00
[2026-01-30T21:24:40.754+0000] {processor.py:183} INFO - Processing /opt/airflow/dags/DAG_urbania.py took 0.107 seconds
[2026-01-30T21:25:11.315+0000] {processor.py:161} INFO - Started process (PID=470) to work on /opt/airflow/dags/DAG_urbania.py
[2026-01-30T21:25:11.316+0000] {processor.py:830} INFO - Processing file /opt/airflow/dags/DAG_urbania.py for tasks to queue
[2026-01-30T21:25:11.317+0000] {logging_mixin.py:188} INFO - [2026-01-30T21:25:11.317+0000] {dagbag.py:538} INFO - Filling up the DagBag from /opt/airflow/dags/DAG_urbania.py
[2026-01-30T21:25:11.339+0000] {processor.py:840} INFO - DAG(s) 'xml_to_mysql_etl' retrieved from /opt/airflow/dags/DAG_urbania.py
[2026-01-30T21:25:11.386+0000] {logging_mixin.py:188} INFO - [2026-01-30T21:25:11.386+0000] {dag.py:3036} INFO - Sync 1 DAGs
[2026-01-30T21:25:11.406+0000] {logging_mixin.py:188} INFO - [2026-01-30T21:25:11.405+0000] {dag.py:3823} INFO - Setting next_dagrun for xml_to_mysql_etl to 2026-01-29 00:00:00+00:00, run_after=2026-01-30 00:00:00+00:00
[2026-01-30T21:25:11.426+0000] {processor.py:183} INFO - Processing /opt/airflow/dags/DAG_urbania.py took 0.114 seconds
[2026-01-30T21:25:42.024+0000] {processor.py:161} INFO - Started process (PID=475) to work on /opt/airflow/dags/DAG_urbania.py
[2026-01-30T21:25:42.025+0000] {processor.py:830} INFO - Processing file /opt/airflow/dags/DAG_urbania.py for tasks to queue
[2026-01-30T21:25:42.026+0000] {logging_mixin.py:188} INFO - [2026-01-30T21:25:42.026+0000] {dagbag.py:538} INFO - Filling up the DagBag from /opt/airflow/dags/DAG_urbania.py
[2026-01-30T21:25:42.046+0000] {processor.py:840} INFO - DAG(s) 'xml_to_mysql_etl' retrieved from /opt/airflow/dags/DAG_urbania.py
[2026-01-30T21:25:42.103+0000] {logging_mixin.py:188} INFO - [2026-01-30T21:25:42.103+0000] {dag.py:3036} INFO - Sync 1 DAGs
[2026-01-30T21:25:42.122+0000] {logging_mixin.py:188} INFO - [2026-01-30T21:25:42.122+0000] {dag.py:3823} INFO - Setting next_dagrun for xml_to_mysql_etl to 2026-01-29 00:00:00+00:00, run_after=2026-01-30 00:00:00+00:00
[2026-01-30T21:25:42.148+0000] {processor.py:183} INFO - Processing /opt/airflow/dags/DAG_urbania.py took 0.128 seconds
[2026-01-30T21:26:12.730+0000] {processor.py:161} INFO - Started process (PID=480) to work on /opt/airflow/dags/DAG_urbania.py
[2026-01-30T21:26:12.731+0000] {processor.py:830} INFO - Processing file /opt/airflow/dags/DAG_urbania.py for tasks to queue
[2026-01-30T21:26:12.731+0000] {logging_mixin.py:188} INFO - [2026-01-30T21:26:12.731+0000] {dagbag.py:538} INFO - Filling up the DagBag from /opt/airflow/dags/DAG_urbania.py
[2026-01-30T21:26:12.749+0000] {processor.py:840} INFO - DAG(s) 'xml_to_mysql_etl' retrieved from /opt/airflow/dags/DAG_urbania.py
[2026-01-30T21:26:12.794+0000] {logging_mixin.py:188} INFO - [2026-01-30T21:26:12.794+0000] {dag.py:3036} INFO - Sync 1 DAGs
[2026-01-30T21:26:12.812+0000] {logging_mixin.py:188} INFO - [2026-01-30T21:26:12.812+0000] {dag.py:3823} INFO - Setting next_dagrun for xml_to_mysql_etl to 2026-01-29 00:00:00+00:00, run_after=2026-01-30 00:00:00+00:00
[2026-01-30T21:26:12.831+0000] {processor.py:183} INFO - Processing /opt/airflow/dags/DAG_urbania.py took 0.104 seconds
[2026-01-30T21:26:43.444+0000] {processor.py:161} INFO - Started process (PID=485) to work on /opt/airflow/dags/DAG_urbania.py
[2026-01-30T21:26:43.445+0000] {processor.py:830} INFO - Processing file /opt/airflow/dags/DAG_urbania.py for tasks to queue
[2026-01-30T21:26:43.446+0000] {logging_mixin.py:188} INFO - [2026-01-30T21:26:43.445+0000] {dagbag.py:538} INFO - Filling up the DagBag from /opt/airflow/dags/DAG_urbania.py
[2026-01-30T21:26:43.466+0000] {processor.py:840} INFO - DAG(s) 'xml_to_mysql_etl' retrieved from /opt/airflow/dags/DAG_urbania.py
[2026-01-30T21:26:43.511+0000] {logging_mixin.py:188} INFO - [2026-01-30T21:26:43.510+0000] {dag.py:3036} INFO - Sync 1 DAGs
[2026-01-30T21:26:43.530+0000] {logging_mixin.py:188} INFO - [2026-01-30T21:26:43.530+0000] {dag.py:3823} INFO - Setting next_dagrun for xml_to_mysql_etl to 2026-01-29 00:00:00+00:00, run_after=2026-01-30 00:00:00+00:00
[2026-01-30T21:26:43.550+0000] {processor.py:183} INFO - Processing /opt/airflow/dags/DAG_urbania.py took 0.110 seconds
[2026-01-30T21:27:14.118+0000] {processor.py:161} INFO - Started process (PID=490) to work on /opt/airflow/dags/DAG_urbania.py
[2026-01-30T21:27:14.120+0000] {processor.py:830} INFO - Processing file /opt/airflow/dags/DAG_urbania.py for tasks to queue
[2026-01-30T21:27:14.121+0000] {logging_mixin.py:188} INFO - [2026-01-30T21:27:14.120+0000] {dagbag.py:538} INFO - Filling up the DagBag from /opt/airflow/dags/DAG_urbania.py
[2026-01-30T21:27:14.156+0000] {processor.py:840} INFO - DAG(s) 'xml_to_mysql_etl' retrieved from /opt/airflow/dags/DAG_urbania.py
[2026-01-30T21:27:14.253+0000] {logging_mixin.py:188} INFO - [2026-01-30T21:27:14.252+0000] {dag.py:3036} INFO - Sync 1 DAGs
[2026-01-30T21:27:14.295+0000] {logging_mixin.py:188} INFO - [2026-01-30T21:27:14.295+0000] {dag.py:3823} INFO - Setting next_dagrun for xml_to_mysql_etl to 2026-01-29 00:00:00+00:00, run_after=2026-01-30 00:00:00+00:00
[2026-01-30T21:27:14.332+0000] {processor.py:183} INFO - Processing /opt/airflow/dags/DAG_urbania.py took 0.217 seconds
[2026-01-30T21:27:44.847+0000] {processor.py:161} INFO - Started process (PID=495) to work on /opt/airflow/dags/DAG_urbania.py
[2026-01-30T21:27:44.849+0000] {processor.py:830} INFO - Processing file /opt/airflow/dags/DAG_urbania.py for tasks to queue
[2026-01-30T21:27:44.850+0000] {logging_mixin.py:188} INFO - [2026-01-30T21:27:44.849+0000] {dagbag.py:538} INFO - Filling up the DagBag from /opt/airflow/dags/DAG_urbania.py
[2026-01-30T21:27:44.869+0000] {processor.py:840} INFO - DAG(s) 'xml_to_mysql_etl' retrieved from /opt/airflow/dags/DAG_urbania.py
[2026-01-30T21:27:44.919+0000] {logging_mixin.py:188} INFO - [2026-01-30T21:27:44.919+0000] {dag.py:3036} INFO - Sync 1 DAGs
[2026-01-30T21:27:44.940+0000] {logging_mixin.py:188} INFO - [2026-01-30T21:27:44.940+0000] {dag.py:3823} INFO - Setting next_dagrun for xml_to_mysql_etl to 2026-01-29 00:00:00+00:00, run_after=2026-01-30 00:00:00+00:00
[2026-01-30T21:27:44.962+0000] {processor.py:183} INFO - Processing /opt/airflow/dags/DAG_urbania.py took 0.118 seconds
[2026-01-30T21:28:15.509+0000] {processor.py:161} INFO - Started process (PID=500) to work on /opt/airflow/dags/DAG_urbania.py
[2026-01-30T21:28:15.510+0000] {processor.py:830} INFO - Processing file /opt/airflow/dags/DAG_urbania.py for tasks to queue
[2026-01-30T21:28:15.511+0000] {logging_mixin.py:188} INFO - [2026-01-30T21:28:15.511+0000] {dagbag.py:538} INFO - Filling up the DagBag from /opt/airflow/dags/DAG_urbania.py
[2026-01-30T21:28:15.530+0000] {processor.py:840} INFO - DAG(s) 'xml_to_mysql_etl' retrieved from /opt/airflow/dags/DAG_urbania.py
[2026-01-30T21:28:15.576+0000] {logging_mixin.py:188} INFO - [2026-01-30T21:28:15.576+0000] {dag.py:3036} INFO - Sync 1 DAGs
[2026-01-30T21:28:15.594+0000] {logging_mixin.py:188} INFO - [2026-01-30T21:28:15.594+0000] {dag.py:3823} INFO - Setting next_dagrun for xml_to_mysql_etl to 2026-01-29 00:00:00+00:00, run_after=2026-01-30 00:00:00+00:00
[2026-01-30T21:28:15.613+0000] {processor.py:183} INFO - Processing /opt/airflow/dags/DAG_urbania.py took 0.108 seconds
[2026-01-30T21:28:46.279+0000] {processor.py:161} INFO - Started process (PID=505) to work on /opt/airflow/dags/DAG_urbania.py
[2026-01-30T21:28:46.280+0000] {processor.py:830} INFO - Processing file /opt/airflow/dags/DAG_urbania.py for tasks to queue
[2026-01-30T21:28:46.281+0000] {logging_mixin.py:188} INFO - [2026-01-30T21:28:46.281+0000] {dagbag.py:538} INFO - Filling up the DagBag from /opt/airflow/dags/DAG_urbania.py
[2026-01-30T21:28:46.311+0000] {processor.py:840} INFO - DAG(s) 'xml_to_mysql_etl' retrieved from /opt/airflow/dags/DAG_urbania.py
[2026-01-30T21:28:46.356+0000] {logging_mixin.py:188} INFO - [2026-01-30T21:28:46.356+0000] {dag.py:3036} INFO - Sync 1 DAGs
[2026-01-30T21:28:46.371+0000] {logging_mixin.py:188} INFO - [2026-01-30T21:28:46.371+0000] {dag.py:3823} INFO - Setting next_dagrun for xml_to_mysql_etl to 2026-01-29 00:00:00+00:00, run_after=2026-01-30 00:00:00+00:00
[2026-01-30T21:28:46.393+0000] {processor.py:183} INFO - Processing /opt/airflow/dags/DAG_urbania.py took 0.116 seconds
[2026-01-30T21:29:16.976+0000] {processor.py:161} INFO - Started process (PID=510) to work on /opt/airflow/dags/DAG_urbania.py
[2026-01-30T21:29:16.977+0000] {processor.py:830} INFO - Processing file /opt/airflow/dags/DAG_urbania.py for tasks to queue
[2026-01-30T21:29:16.978+0000] {logging_mixin.py:188} INFO - [2026-01-30T21:29:16.977+0000] {dagbag.py:538} INFO - Filling up the DagBag from /opt/airflow/dags/DAG_urbania.py
[2026-01-30T21:29:16.998+0000] {processor.py:840} INFO - DAG(s) 'xml_to_mysql_etl' retrieved from /opt/airflow/dags/DAG_urbania.py
[2026-01-30T21:29:17.042+0000] {logging_mixin.py:188} INFO - [2026-01-30T21:29:17.041+0000] {dag.py:3036} INFO - Sync 1 DAGs
[2026-01-30T21:29:17.058+0000] {logging_mixin.py:188} INFO - [2026-01-30T21:29:17.058+0000] {dag.py:3823} INFO - Setting next_dagrun for xml_to_mysql_etl to 2026-01-29 00:00:00+00:00, run_after=2026-01-30 00:00:00+00:00
[2026-01-30T21:29:17.081+0000] {processor.py:183} INFO - Processing /opt/airflow/dags/DAG_urbania.py took 0.108 seconds
[2026-01-30T21:29:47.712+0000] {processor.py:161} INFO - Started process (PID=515) to work on /opt/airflow/dags/DAG_urbania.py
[2026-01-30T21:29:47.713+0000] {processor.py:830} INFO - Processing file /opt/airflow/dags/DAG_urbania.py for tasks to queue
[2026-01-30T21:29:47.714+0000] {logging_mixin.py:188} INFO - [2026-01-30T21:29:47.713+0000] {dagbag.py:538} INFO - Filling up the DagBag from /opt/airflow/dags/DAG_urbania.py
[2026-01-30T21:29:47.732+0000] {processor.py:840} INFO - DAG(s) 'xml_to_mysql_etl' retrieved from /opt/airflow/dags/DAG_urbania.py
[2026-01-30T21:29:47.781+0000] {logging_mixin.py:188} INFO - [2026-01-30T21:29:47.781+0000] {dag.py:3036} INFO - Sync 1 DAGs
[2026-01-30T21:29:47.799+0000] {logging_mixin.py:188} INFO - [2026-01-30T21:29:47.799+0000] {dag.py:3823} INFO - Setting next_dagrun for xml_to_mysql_etl to 2026-01-29 00:00:00+00:00, run_after=2026-01-30 00:00:00+00:00
[2026-01-30T21:29:47.828+0000] {processor.py:183} INFO - Processing /opt/airflow/dags/DAG_urbania.py took 0.120 seconds
[2026-01-30T21:30:18.444+0000] {processor.py:161} INFO - Started process (PID=520) to work on /opt/airflow/dags/DAG_urbania.py
[2026-01-30T21:30:18.445+0000] {processor.py:830} INFO - Processing file /opt/airflow/dags/DAG_urbania.py for tasks to queue
[2026-01-30T21:30:18.446+0000] {logging_mixin.py:188} INFO - [2026-01-30T21:30:18.446+0000] {dagbag.py:538} INFO - Filling up the DagBag from /opt/airflow/dags/DAG_urbania.py
[2026-01-30T21:30:18.466+0000] {processor.py:840} INFO - DAG(s) 'xml_to_mysql_etl' retrieved from /opt/airflow/dags/DAG_urbania.py
[2026-01-30T21:30:18.506+0000] {logging_mixin.py:188} INFO - [2026-01-30T21:30:18.506+0000] {dag.py:3036} INFO - Sync 1 DAGs
[2026-01-30T21:30:18.522+0000] {logging_mixin.py:188} INFO - [2026-01-30T21:30:18.522+0000] {dag.py:3823} INFO - Setting next_dagrun for xml_to_mysql_etl to 2026-01-29 00:00:00+00:00, run_after=2026-01-30 00:00:00+00:00
[2026-01-30T21:30:18.545+0000] {processor.py:183} INFO - Processing /opt/airflow/dags/DAG_urbania.py took 0.103 seconds
[2026-01-30T21:30:49.166+0000] {processor.py:161} INFO - Started process (PID=525) to work on /opt/airflow/dags/DAG_urbania.py
[2026-01-30T21:30:49.167+0000] {processor.py:830} INFO - Processing file /opt/airflow/dags/DAG_urbania.py for tasks to queue
[2026-01-30T21:30:49.168+0000] {logging_mixin.py:188} INFO - [2026-01-30T21:30:49.167+0000] {dagbag.py:538} INFO - Filling up the DagBag from /opt/airflow/dags/DAG_urbania.py
[2026-01-30T21:30:49.188+0000] {processor.py:840} INFO - DAG(s) 'xml_to_mysql_etl' retrieved from /opt/airflow/dags/DAG_urbania.py
[2026-01-30T21:30:49.227+0000] {logging_mixin.py:188} INFO - [2026-01-30T21:30:49.227+0000] {dag.py:3036} INFO - Sync 1 DAGs
[2026-01-30T21:30:49.244+0000] {logging_mixin.py:188} INFO - [2026-01-30T21:30:49.244+0000] {dag.py:3823} INFO - Setting next_dagrun for xml_to_mysql_etl to 2026-01-29 00:00:00+00:00, run_after=2026-01-30 00:00:00+00:00
[2026-01-30T21:30:49.272+0000] {processor.py:183} INFO - Processing /opt/airflow/dags/DAG_urbania.py took 0.110 seconds
[2026-01-30T21:31:19.859+0000] {processor.py:161} INFO - Started process (PID=530) to work on /opt/airflow/dags/DAG_urbania.py
[2026-01-30T21:31:19.860+0000] {processor.py:830} INFO - Processing file /opt/airflow/dags/DAG_urbania.py for tasks to queue
[2026-01-30T21:31:19.861+0000] {logging_mixin.py:188} INFO - [2026-01-30T21:31:19.860+0000] {dagbag.py:538} INFO - Filling up the DagBag from /opt/airflow/dags/DAG_urbania.py
[2026-01-30T21:31:19.878+0000] {processor.py:840} INFO - DAG(s) 'xml_to_mysql_etl' retrieved from /opt/airflow/dags/DAG_urbania.py
[2026-01-30T21:31:19.920+0000] {logging_mixin.py:188} INFO - [2026-01-30T21:31:19.920+0000] {dag.py:3036} INFO - Sync 1 DAGs
[2026-01-30T21:31:19.938+0000] {logging_mixin.py:188} INFO - [2026-01-30T21:31:19.938+0000] {dag.py:3823} INFO - Setting next_dagrun for xml_to_mysql_etl to 2026-01-29 00:00:00+00:00, run_after=2026-01-30 00:00:00+00:00
[2026-01-30T21:31:19.958+0000] {processor.py:183} INFO - Processing /opt/airflow/dags/DAG_urbania.py took 0.102 seconds
[2026-01-30T21:31:50.696+0000] {processor.py:161} INFO - Started process (PID=535) to work on /opt/airflow/dags/DAG_urbania.py
[2026-01-30T21:31:50.698+0000] {processor.py:830} INFO - Processing file /opt/airflow/dags/DAG_urbania.py for tasks to queue
[2026-01-30T21:31:50.698+0000] {logging_mixin.py:188} INFO - [2026-01-30T21:31:50.698+0000] {dagbag.py:538} INFO - Filling up the DagBag from /opt/airflow/dags/DAG_urbania.py
[2026-01-30T21:31:50.723+0000] {processor.py:840} INFO - DAG(s) 'xml_to_mysql_etl' retrieved from /opt/airflow/dags/DAG_urbania.py
[2026-01-30T21:31:50.767+0000] {logging_mixin.py:188} INFO - [2026-01-30T21:31:50.766+0000] {dag.py:3036} INFO - Sync 1 DAGs
[2026-01-30T21:31:50.785+0000] {logging_mixin.py:188} INFO - [2026-01-30T21:31:50.785+0000] {dag.py:3823} INFO - Setting next_dagrun for xml_to_mysql_etl to 2026-01-29 00:00:00+00:00, run_after=2026-01-30 00:00:00+00:00
[2026-01-30T21:31:50.809+0000] {processor.py:183} INFO - Processing /opt/airflow/dags/DAG_urbania.py took 0.116 seconds
[2026-01-30T21:32:22.373+0000] {processor.py:161} INFO - Started process (PID=540) to work on /opt/airflow/dags/DAG_urbania.py
[2026-01-30T21:32:22.374+0000] {processor.py:830} INFO - Processing file /opt/airflow/dags/DAG_urbania.py for tasks to queue
[2026-01-30T21:32:22.375+0000] {logging_mixin.py:188} INFO - [2026-01-30T21:32:22.375+0000] {dagbag.py:538} INFO - Filling up the DagBag from /opt/airflow/dags/DAG_urbania.py
[2026-01-30T21:32:22.394+0000] {processor.py:840} INFO - DAG(s) 'xml_to_mysql_etl' retrieved from /opt/airflow/dags/DAG_urbania.py
[2026-01-30T21:32:22.438+0000] {logging_mixin.py:188} INFO - [2026-01-30T21:32:22.437+0000] {dag.py:3036} INFO - Sync 1 DAGs
[2026-01-30T21:32:22.460+0000] {logging_mixin.py:188} INFO - [2026-01-30T21:32:22.460+0000] {dag.py:3823} INFO - Setting next_dagrun for xml_to_mysql_etl to 2026-01-29 00:00:00+00:00, run_after=2026-01-30 00:00:00+00:00
[2026-01-30T21:32:22.492+0000] {processor.py:183} INFO - Processing /opt/airflow/dags/DAG_urbania.py took 0.122 seconds
[2026-01-30T21:32:54.169+0000] {processor.py:161} INFO - Started process (PID=545) to work on /opt/airflow/dags/DAG_urbania.py
[2026-01-30T21:32:54.170+0000] {processor.py:830} INFO - Processing file /opt/airflow/dags/DAG_urbania.py for tasks to queue
[2026-01-30T21:32:54.171+0000] {logging_mixin.py:188} INFO - [2026-01-30T21:32:54.171+0000] {dagbag.py:538} INFO - Filling up the DagBag from /opt/airflow/dags/DAG_urbania.py
[2026-01-30T21:32:54.189+0000] {processor.py:840} INFO - DAG(s) 'xml_to_mysql_etl' retrieved from /opt/airflow/dags/DAG_urbania.py
[2026-01-30T21:32:54.234+0000] {logging_mixin.py:188} INFO - [2026-01-30T21:32:54.234+0000] {dag.py:3036} INFO - Sync 1 DAGs
[2026-01-30T21:32:54.253+0000] {logging_mixin.py:188} INFO - [2026-01-30T21:32:54.253+0000] {dag.py:3823} INFO - Setting next_dagrun for xml_to_mysql_etl to 2026-01-29 00:00:00+00:00, run_after=2026-01-30 00:00:00+00:00
[2026-01-30T21:32:54.274+0000] {processor.py:183} INFO - Processing /opt/airflow/dags/DAG_urbania.py took 0.107 seconds
[2026-01-30T21:33:25.838+0000] {processor.py:161} INFO - Started process (PID=550) to work on /opt/airflow/dags/DAG_urbania.py
[2026-01-30T21:33:25.839+0000] {processor.py:830} INFO - Processing file /opt/airflow/dags/DAG_urbania.py for tasks to queue
[2026-01-30T21:33:25.840+0000] {logging_mixin.py:188} INFO - [2026-01-30T21:33:25.839+0000] {dagbag.py:538} INFO - Filling up the DagBag from /opt/airflow/dags/DAG_urbania.py
[2026-01-30T21:33:25.858+0000] {processor.py:840} INFO - DAG(s) 'xml_to_mysql_etl' retrieved from /opt/airflow/dags/DAG_urbania.py
[2026-01-30T21:33:25.903+0000] {logging_mixin.py:188} INFO - [2026-01-30T21:33:25.903+0000] {dag.py:3036} INFO - Sync 1 DAGs
[2026-01-30T21:33:25.923+0000] {logging_mixin.py:188} INFO - [2026-01-30T21:33:25.923+0000] {dag.py:3823} INFO - Setting next_dagrun for xml_to_mysql_etl to 2026-01-29 00:00:00+00:00, run_after=2026-01-30 00:00:00+00:00
[2026-01-30T21:33:25.953+0000] {processor.py:183} INFO - Processing /opt/airflow/dags/DAG_urbania.py took 0.118 seconds
[2026-01-30T21:33:57.705+0000] {processor.py:161} INFO - Started process (PID=555) to work on /opt/airflow/dags/DAG_urbania.py
[2026-01-30T21:33:57.706+0000] {processor.py:830} INFO - Processing file /opt/airflow/dags/DAG_urbania.py for tasks to queue
[2026-01-30T21:33:57.706+0000] {logging_mixin.py:188} INFO - [2026-01-30T21:33:57.706+0000] {dagbag.py:538} INFO - Filling up the DagBag from /opt/airflow/dags/DAG_urbania.py
[2026-01-30T21:33:57.725+0000] {processor.py:840} INFO - DAG(s) 'xml_to_mysql_etl' retrieved from /opt/airflow/dags/DAG_urbania.py
[2026-01-30T21:33:57.769+0000] {logging_mixin.py:188} INFO - [2026-01-30T21:33:57.769+0000] {dag.py:3036} INFO - Sync 1 DAGs
[2026-01-30T21:33:57.786+0000] {logging_mixin.py:188} INFO - [2026-01-30T21:33:57.786+0000] {dag.py:3823} INFO - Setting next_dagrun for xml_to_mysql_etl to 2026-01-29 00:00:00+00:00, run_after=2026-01-30 00:00:00+00:00
[2026-01-30T21:33:57.807+0000] {processor.py:183} INFO - Processing /opt/airflow/dags/DAG_urbania.py took 0.105 seconds
[2026-01-30T21:34:28.465+0000] {processor.py:161} INFO - Started process (PID=560) to work on /opt/airflow/dags/DAG_urbania.py
[2026-01-30T21:34:28.466+0000] {processor.py:830} INFO - Processing file /opt/airflow/dags/DAG_urbania.py for tasks to queue
[2026-01-30T21:34:28.467+0000] {logging_mixin.py:188} INFO - [2026-01-30T21:34:28.467+0000] {dagbag.py:538} INFO - Filling up the DagBag from /opt/airflow/dags/DAG_urbania.py
[2026-01-30T21:34:28.485+0000] {processor.py:840} INFO - DAG(s) 'xml_to_mysql_etl' retrieved from /opt/airflow/dags/DAG_urbania.py
[2026-01-30T21:34:28.527+0000] {logging_mixin.py:188} INFO - [2026-01-30T21:34:28.527+0000] {dag.py:3036} INFO - Sync 1 DAGs
[2026-01-30T21:34:28.546+0000] {logging_mixin.py:188} INFO - [2026-01-30T21:34:28.545+0000] {dag.py:3823} INFO - Setting next_dagrun for xml_to_mysql_etl to 2026-01-29 00:00:00+00:00, run_after=2026-01-30 00:00:00+00:00
[2026-01-30T21:34:28.564+0000] {processor.py:183} INFO - Processing /opt/airflow/dags/DAG_urbania.py took 0.102 seconds
[2026-01-30T21:35:00.140+0000] {processor.py:161} INFO - Started process (PID=565) to work on /opt/airflow/dags/DAG_urbania.py
[2026-01-30T21:35:00.141+0000] {processor.py:830} INFO - Processing file /opt/airflow/dags/DAG_urbania.py for tasks to queue
[2026-01-30T21:35:00.142+0000] {logging_mixin.py:188} INFO - [2026-01-30T21:35:00.142+0000] {dagbag.py:538} INFO - Filling up the DagBag from /opt/airflow/dags/DAG_urbania.py
[2026-01-30T21:35:00.160+0000] {processor.py:840} INFO - DAG(s) 'xml_to_mysql_etl' retrieved from /opt/airflow/dags/DAG_urbania.py
[2026-01-30T21:35:00.202+0000] {logging_mixin.py:188} INFO - [2026-01-30T21:35:00.202+0000] {dag.py:3036} INFO - Sync 1 DAGs
[2026-01-30T21:35:00.220+0000] {logging_mixin.py:188} INFO - [2026-01-30T21:35:00.220+0000] {dag.py:3823} INFO - Setting next_dagrun for xml_to_mysql_etl to 2026-01-29 00:00:00+00:00, run_after=2026-01-30 00:00:00+00:00
[2026-01-30T21:35:00.238+0000] {processor.py:183} INFO - Processing /opt/airflow/dags/DAG_urbania.py took 0.101 seconds
[2026-01-30T21:35:31.992+0000] {processor.py:161} INFO - Started process (PID=570) to work on /opt/airflow/dags/DAG_urbania.py
[2026-01-30T21:35:31.993+0000] {processor.py:830} INFO - Processing file /opt/airflow/dags/DAG_urbania.py for tasks to queue
[2026-01-30T21:35:31.993+0000] {logging_mixin.py:188} INFO - [2026-01-30T21:35:31.993+0000] {dagbag.py:538} INFO - Filling up the DagBag from /opt/airflow/dags/DAG_urbania.py
[2026-01-30T21:35:32.011+0000] {processor.py:840} INFO - DAG(s) 'xml_to_mysql_etl' retrieved from /opt/airflow/dags/DAG_urbania.py
[2026-01-30T21:35:32.054+0000] {logging_mixin.py:188} INFO - [2026-01-30T21:35:32.054+0000] {dag.py:3036} INFO - Sync 1 DAGs
[2026-01-30T21:35:32.072+0000] {logging_mixin.py:188} INFO - [2026-01-30T21:35:32.071+0000] {dag.py:3823} INFO - Setting next_dagrun for xml_to_mysql_etl to 2026-01-29 00:00:00+00:00, run_after=2026-01-30 00:00:00+00:00
[2026-01-30T21:35:32.106+0000] {processor.py:183} INFO - Processing /opt/airflow/dags/DAG_urbania.py took 0.116 seconds
[2026-01-30T21:36:03.764+0000] {processor.py:161} INFO - Started process (PID=575) to work on /opt/airflow/dags/DAG_urbania.py
[2026-01-30T21:36:03.765+0000] {processor.py:830} INFO - Processing file /opt/airflow/dags/DAG_urbania.py for tasks to queue
[2026-01-30T21:36:03.766+0000] {logging_mixin.py:188} INFO - [2026-01-30T21:36:03.766+0000] {dagbag.py:538} INFO - Filling up the DagBag from /opt/airflow/dags/DAG_urbania.py
[2026-01-30T21:36:03.784+0000] {processor.py:840} INFO - DAG(s) 'xml_to_mysql_etl' retrieved from /opt/airflow/dags/DAG_urbania.py
[2026-01-30T21:36:03.825+0000] {logging_mixin.py:188} INFO - [2026-01-30T21:36:03.825+0000] {dag.py:3036} INFO - Sync 1 DAGs
[2026-01-30T21:36:03.842+0000] {logging_mixin.py:188} INFO - [2026-01-30T21:36:03.842+0000] {dag.py:3823} INFO - Setting next_dagrun for xml_to_mysql_etl to 2026-01-29 00:00:00+00:00, run_after=2026-01-30 00:00:00+00:00
[2026-01-30T21:36:03.873+0000] {processor.py:183} INFO - Processing /opt/airflow/dags/DAG_urbania.py took 0.112 seconds
[2026-01-30T21:36:35.515+0000] {processor.py:161} INFO - Started process (PID=580) to work on /opt/airflow/dags/DAG_urbania.py
[2026-01-30T21:36:35.516+0000] {processor.py:830} INFO - Processing file /opt/airflow/dags/DAG_urbania.py for tasks to queue
[2026-01-30T21:36:35.517+0000] {logging_mixin.py:188} INFO - [2026-01-30T21:36:35.516+0000] {dagbag.py:538} INFO - Filling up the DagBag from /opt/airflow/dags/DAG_urbania.py
[2026-01-30T21:36:35.536+0000] {processor.py:840} INFO - DAG(s) 'xml_to_mysql_etl' retrieved from /opt/airflow/dags/DAG_urbania.py
[2026-01-30T21:36:35.579+0000] {logging_mixin.py:188} INFO - [2026-01-30T21:36:35.579+0000] {dag.py:3036} INFO - Sync 1 DAGs
[2026-01-30T21:36:35.597+0000] {logging_mixin.py:188} INFO - [2026-01-30T21:36:35.597+0000] {dag.py:3823} INFO - Setting next_dagrun for xml_to_mysql_etl to 2026-01-29 00:00:00+00:00, run_after=2026-01-30 00:00:00+00:00
[2026-01-30T21:36:35.624+0000] {processor.py:183} INFO - Processing /opt/airflow/dags/DAG_urbania.py took 0.112 seconds
[2026-01-30T21:37:06.312+0000] {processor.py:161} INFO - Started process (PID=585) to work on /opt/airflow/dags/DAG_urbania.py
[2026-01-30T21:37:06.313+0000] {processor.py:830} INFO - Processing file /opt/airflow/dags/DAG_urbania.py for tasks to queue
[2026-01-30T21:37:06.313+0000] {logging_mixin.py:188} INFO - [2026-01-30T21:37:06.313+0000] {dagbag.py:538} INFO - Filling up the DagBag from /opt/airflow/dags/DAG_urbania.py
[2026-01-30T21:37:06.331+0000] {processor.py:840} INFO - DAG(s) 'xml_to_mysql_etl' retrieved from /opt/airflow/dags/DAG_urbania.py
[2026-01-30T21:37:06.374+0000] {logging_mixin.py:188} INFO - [2026-01-30T21:37:06.373+0000] {dag.py:3036} INFO - Sync 1 DAGs
[2026-01-30T21:37:06.391+0000] {logging_mixin.py:188} INFO - [2026-01-30T21:37:06.391+0000] {dag.py:3823} INFO - Setting next_dagrun for xml_to_mysql_etl to 2026-01-29 00:00:00+00:00, run_after=2026-01-30 00:00:00+00:00
[2026-01-30T21:37:06.418+0000] {processor.py:183} INFO - Processing /opt/airflow/dags/DAG_urbania.py took 0.110 seconds
[2026-01-30T21:37:38.077+0000] {processor.py:161} INFO - Started process (PID=590) to work on /opt/airflow/dags/DAG_urbania.py
[2026-01-30T21:37:38.079+0000] {processor.py:830} INFO - Processing file /opt/airflow/dags/DAG_urbania.py for tasks to queue
[2026-01-30T21:37:38.080+0000] {logging_mixin.py:188} INFO - [2026-01-30T21:37:38.079+0000] {dagbag.py:538} INFO - Filling up the DagBag from /opt/airflow/dags/DAG_urbania.py
[2026-01-30T21:37:38.102+0000] {processor.py:840} INFO - DAG(s) 'xml_to_mysql_etl' retrieved from /opt/airflow/dags/DAG_urbania.py
[2026-01-30T21:37:38.154+0000] {logging_mixin.py:188} INFO - [2026-01-30T21:37:38.154+0000] {dag.py:3036} INFO - Sync 1 DAGs
[2026-01-30T21:37:38.174+0000] {logging_mixin.py:188} INFO - [2026-01-30T21:37:38.173+0000] {dag.py:3823} INFO - Setting next_dagrun for xml_to_mysql_etl to 2026-01-29 00:00:00+00:00, run_after=2026-01-30 00:00:00+00:00
[2026-01-30T21:37:38.197+0000] {processor.py:183} INFO - Processing /opt/airflow/dags/DAG_urbania.py took 0.123 seconds
[2026-01-30T21:38:09.982+0000] {processor.py:161} INFO - Started process (PID=595) to work on /opt/airflow/dags/DAG_urbania.py
[2026-01-30T21:38:09.983+0000] {processor.py:830} INFO - Processing file /opt/airflow/dags/DAG_urbania.py for tasks to queue
[2026-01-30T21:38:09.984+0000] {logging_mixin.py:188} INFO - [2026-01-30T21:38:09.984+0000] {dagbag.py:538} INFO - Filling up the DagBag from /opt/airflow/dags/DAG_urbania.py
[2026-01-30T21:38:10.006+0000] {processor.py:840} INFO - DAG(s) 'xml_to_mysql_etl' retrieved from /opt/airflow/dags/DAG_urbania.py
[2026-01-30T21:38:10.054+0000] {logging_mixin.py:188} INFO - [2026-01-30T21:38:10.054+0000] {dag.py:3036} INFO - Sync 1 DAGs
[2026-01-30T21:38:10.076+0000] {logging_mixin.py:188} INFO - [2026-01-30T21:38:10.076+0000] {dag.py:3823} INFO - Setting next_dagrun for xml_to_mysql_etl to 2026-01-29 00:00:00+00:00, run_after=2026-01-30 00:00:00+00:00
[2026-01-30T21:38:10.109+0000] {processor.py:183} INFO - Processing /opt/airflow/dags/DAG_urbania.py took 0.129 seconds
[2026-01-30T21:38:41.653+0000] {processor.py:161} INFO - Started process (PID=600) to work on /opt/airflow/dags/DAG_urbania.py
[2026-01-30T21:38:41.654+0000] {processor.py:830} INFO - Processing file /opt/airflow/dags/DAG_urbania.py for tasks to queue
[2026-01-30T21:38:41.655+0000] {logging_mixin.py:188} INFO - [2026-01-30T21:38:41.654+0000] {dagbag.py:538} INFO - Filling up the DagBag from /opt/airflow/dags/DAG_urbania.py
[2026-01-30T21:38:41.673+0000] {processor.py:840} INFO - DAG(s) 'xml_to_mysql_etl' retrieved from /opt/airflow/dags/DAG_urbania.py
[2026-01-30T21:38:41.719+0000] {logging_mixin.py:188} INFO - [2026-01-30T21:38:41.719+0000] {dag.py:3036} INFO - Sync 1 DAGs
[2026-01-30T21:38:41.737+0000] {logging_mixin.py:188} INFO - [2026-01-30T21:38:41.737+0000] {dag.py:3823} INFO - Setting next_dagrun for xml_to_mysql_etl to 2026-01-29 00:00:00+00:00, run_after=2026-01-30 00:00:00+00:00
[2026-01-30T21:38:41.763+0000] {processor.py:183} INFO - Processing /opt/airflow/dags/DAG_urbania.py took 0.113 seconds
[2026-01-30T21:39:13.496+0000] {processor.py:161} INFO - Started process (PID=605) to work on /opt/airflow/dags/DAG_urbania.py
[2026-01-30T21:39:13.497+0000] {processor.py:830} INFO - Processing file /opt/airflow/dags/DAG_urbania.py for tasks to queue
[2026-01-30T21:39:13.498+0000] {logging_mixin.py:188} INFO - [2026-01-30T21:39:13.497+0000] {dagbag.py:538} INFO - Filling up the DagBag from /opt/airflow/dags/DAG_urbania.py
[2026-01-30T21:39:13.516+0000] {processor.py:840} INFO - DAG(s) 'xml_to_mysql_etl' retrieved from /opt/airflow/dags/DAG_urbania.py
[2026-01-30T21:39:13.561+0000] {logging_mixin.py:188} INFO - [2026-01-30T21:39:13.561+0000] {dag.py:3036} INFO - Sync 1 DAGs
[2026-01-30T21:39:13.582+0000] {logging_mixin.py:188} INFO - [2026-01-30T21:39:13.582+0000] {dag.py:3823} INFO - Setting next_dagrun for xml_to_mysql_etl to 2026-01-29 00:00:00+00:00, run_after=2026-01-30 00:00:00+00:00
[2026-01-30T21:39:13.602+0000] {processor.py:183} INFO - Processing /opt/airflow/dags/DAG_urbania.py took 0.109 seconds
[2026-01-30T21:39:44.354+0000] {processor.py:161} INFO - Started process (PID=610) to work on /opt/airflow/dags/DAG_urbania.py
[2026-01-30T21:39:44.355+0000] {processor.py:830} INFO - Processing file /opt/airflow/dags/DAG_urbania.py for tasks to queue
[2026-01-30T21:39:44.355+0000] {logging_mixin.py:188} INFO - [2026-01-30T21:39:44.355+0000] {dagbag.py:538} INFO - Filling up the DagBag from /opt/airflow/dags/DAG_urbania.py
[2026-01-30T21:39:44.375+0000] {processor.py:840} INFO - DAG(s) 'xml_to_mysql_etl' retrieved from /opt/airflow/dags/DAG_urbania.py
[2026-01-30T21:39:44.420+0000] {logging_mixin.py:188} INFO - [2026-01-30T21:39:44.420+0000] {dag.py:3036} INFO - Sync 1 DAGs
[2026-01-30T21:39:44.438+0000] {logging_mixin.py:188} INFO - [2026-01-30T21:39:44.438+0000] {dag.py:3823} INFO - Setting next_dagrun for xml_to_mysql_etl to 2026-01-29 00:00:00+00:00, run_after=2026-01-30 00:00:00+00:00
[2026-01-30T21:39:44.465+0000] {processor.py:183} INFO - Processing /opt/airflow/dags/DAG_urbania.py took 0.115 seconds
[2026-01-30T21:40:16.192+0000] {processor.py:161} INFO - Started process (PID=615) to work on /opt/airflow/dags/DAG_urbania.py
[2026-01-30T21:40:16.193+0000] {processor.py:830} INFO - Processing file /opt/airflow/dags/DAG_urbania.py for tasks to queue
[2026-01-30T21:40:16.193+0000] {logging_mixin.py:188} INFO - [2026-01-30T21:40:16.193+0000] {dagbag.py:538} INFO - Filling up the DagBag from /opt/airflow/dags/DAG_urbania.py
[2026-01-30T21:40:16.213+0000] {processor.py:840} INFO - DAG(s) 'xml_to_mysql_etl' retrieved from /opt/airflow/dags/DAG_urbania.py
[2026-01-30T21:40:16.258+0000] {logging_mixin.py:188} INFO - [2026-01-30T21:40:16.258+0000] {dag.py:3036} INFO - Sync 1 DAGs
[2026-01-30T21:40:16.276+0000] {logging_mixin.py:188} INFO - [2026-01-30T21:40:16.275+0000] {dag.py:3823} INFO - Setting next_dagrun for xml_to_mysql_etl to 2026-01-29 00:00:00+00:00, run_after=2026-01-30 00:00:00+00:00
[2026-01-30T21:40:16.296+0000] {processor.py:183} INFO - Processing /opt/airflow/dags/DAG_urbania.py took 0.107 seconds
[2026-01-30T21:40:47.970+0000] {processor.py:161} INFO - Started process (PID=620) to work on /opt/airflow/dags/DAG_urbania.py
[2026-01-30T21:40:47.971+0000] {processor.py:830} INFO - Processing file /opt/airflow/dags/DAG_urbania.py for tasks to queue
[2026-01-30T21:40:47.972+0000] {logging_mixin.py:188} INFO - [2026-01-30T21:40:47.971+0000] {dagbag.py:538} INFO - Filling up the DagBag from /opt/airflow/dags/DAG_urbania.py
[2026-01-30T21:40:47.990+0000] {processor.py:840} INFO - DAG(s) 'xml_to_mysql_etl' retrieved from /opt/airflow/dags/DAG_urbania.py
[2026-01-30T21:40:48.034+0000] {logging_mixin.py:188} INFO - [2026-01-30T21:40:48.033+0000] {dag.py:3036} INFO - Sync 1 DAGs
[2026-01-30T21:40:48.051+0000] {logging_mixin.py:188} INFO - [2026-01-30T21:40:48.051+0000] {dag.py:3823} INFO - Setting next_dagrun for xml_to_mysql_etl to 2026-01-29 00:00:00+00:00, run_after=2026-01-30 00:00:00+00:00
[2026-01-30T21:40:48.079+0000] {processor.py:183} INFO - Processing /opt/airflow/dags/DAG_urbania.py took 0.112 seconds
[2026-01-30T21:41:19.703+0000] {processor.py:161} INFO - Started process (PID=625) to work on /opt/airflow/dags/DAG_urbania.py
[2026-01-30T21:41:19.705+0000] {processor.py:830} INFO - Processing file /opt/airflow/dags/DAG_urbania.py for tasks to queue
[2026-01-30T21:41:19.705+0000] {logging_mixin.py:188} INFO - [2026-01-30T21:41:19.705+0000] {dagbag.py:538} INFO - Filling up the DagBag from /opt/airflow/dags/DAG_urbania.py
[2026-01-30T21:41:19.726+0000] {processor.py:840} INFO - DAG(s) 'xml_to_mysql_etl' retrieved from /opt/airflow/dags/DAG_urbania.py
[2026-01-30T21:41:19.773+0000] {logging_mixin.py:188} INFO - [2026-01-30T21:41:19.773+0000] {dag.py:3036} INFO - Sync 1 DAGs
[2026-01-30T21:41:19.791+0000] {logging_mixin.py:188} INFO - [2026-01-30T21:41:19.791+0000] {dag.py:3823} INFO - Setting next_dagrun for xml_to_mysql_etl to 2026-01-29 00:00:00+00:00, run_after=2026-01-30 00:00:00+00:00
[2026-01-30T21:41:19.819+0000] {processor.py:183} INFO - Processing /opt/airflow/dags/DAG_urbania.py took 0.119 seconds
[2026-01-30T21:41:51.555+0000] {processor.py:161} INFO - Started process (PID=630) to work on /opt/airflow/dags/DAG_urbania.py
[2026-01-30T21:41:51.556+0000] {processor.py:830} INFO - Processing file /opt/airflow/dags/DAG_urbania.py for tasks to queue
[2026-01-30T21:41:51.557+0000] {logging_mixin.py:188} INFO - [2026-01-30T21:41:51.557+0000] {dagbag.py:538} INFO - Filling up the DagBag from /opt/airflow/dags/DAG_urbania.py
[2026-01-30T21:41:51.577+0000] {processor.py:840} INFO - DAG(s) 'xml_to_mysql_etl' retrieved from /opt/airflow/dags/DAG_urbania.py
[2026-01-30T21:41:51.621+0000] {logging_mixin.py:188} INFO - [2026-01-30T21:41:51.621+0000] {dag.py:3036} INFO - Sync 1 DAGs
[2026-01-30T21:41:51.639+0000] {logging_mixin.py:188} INFO - [2026-01-30T21:41:51.639+0000] {dag.py:3823} INFO - Setting next_dagrun for xml_to_mysql_etl to 2026-01-29 00:00:00+00:00, run_after=2026-01-30 00:00:00+00:00
[2026-01-30T21:41:51.658+0000] {processor.py:183} INFO - Processing /opt/airflow/dags/DAG_urbania.py took 0.105 seconds
[2026-01-30T21:42:22.452+0000] {processor.py:161} INFO - Started process (PID=635) to work on /opt/airflow/dags/DAG_urbania.py
[2026-01-30T21:42:22.453+0000] {processor.py:830} INFO - Processing file /opt/airflow/dags/DAG_urbania.py for tasks to queue
[2026-01-30T21:42:22.454+0000] {logging_mixin.py:188} INFO - [2026-01-30T21:42:22.453+0000] {dagbag.py:538} INFO - Filling up the DagBag from /opt/airflow/dags/DAG_urbania.py
[2026-01-30T21:42:22.472+0000] {processor.py:840} INFO - DAG(s) 'xml_to_mysql_etl' retrieved from /opt/airflow/dags/DAG_urbania.py
[2026-01-30T21:42:22.518+0000] {logging_mixin.py:188} INFO - [2026-01-30T21:42:22.518+0000] {dag.py:3036} INFO - Sync 1 DAGs
[2026-01-30T21:42:22.536+0000] {logging_mixin.py:188} INFO - [2026-01-30T21:42:22.535+0000] {dag.py:3823} INFO - Setting next_dagrun for xml_to_mysql_etl to 2026-01-29 00:00:00+00:00, run_after=2026-01-30 00:00:00+00:00
[2026-01-30T21:42:22.554+0000] {processor.py:183} INFO - Processing /opt/airflow/dags/DAG_urbania.py took 0.105 seconds
[2026-01-30T21:42:54.146+0000] {processor.py:161} INFO - Started process (PID=640) to work on /opt/airflow/dags/DAG_urbania.py
[2026-01-30T21:42:54.147+0000] {processor.py:830} INFO - Processing file /opt/airflow/dags/DAG_urbania.py for tasks to queue
[2026-01-30T21:42:54.148+0000] {logging_mixin.py:188} INFO - [2026-01-30T21:42:54.148+0000] {dagbag.py:538} INFO - Filling up the DagBag from /opt/airflow/dags/DAG_urbania.py
[2026-01-30T21:42:54.166+0000] {processor.py:840} INFO - DAG(s) 'xml_to_mysql_etl' retrieved from /opt/airflow/dags/DAG_urbania.py
[2026-01-30T21:42:54.209+0000] {logging_mixin.py:188} INFO - [2026-01-30T21:42:54.209+0000] {dag.py:3036} INFO - Sync 1 DAGs
[2026-01-30T21:42:54.227+0000] {logging_mixin.py:188} INFO - [2026-01-30T21:42:54.226+0000] {dag.py:3823} INFO - Setting next_dagrun for xml_to_mysql_etl to 2026-01-29 00:00:00+00:00, run_after=2026-01-30 00:00:00+00:00
[2026-01-30T21:42:54.256+0000] {processor.py:183} INFO - Processing /opt/airflow/dags/DAG_urbania.py took 0.112 seconds
[2026-01-30T21:43:25.980+0000] {processor.py:161} INFO - Started process (PID=645) to work on /opt/airflow/dags/DAG_urbania.py
[2026-01-30T21:43:25.980+0000] {processor.py:830} INFO - Processing file /opt/airflow/dags/DAG_urbania.py for tasks to queue
[2026-01-30T21:43:25.981+0000] {logging_mixin.py:188} INFO - [2026-01-30T21:43:25.981+0000] {dagbag.py:538} INFO - Filling up the DagBag from /opt/airflow/dags/DAG_urbania.py
[2026-01-30T21:43:26.002+0000] {processor.py:840} INFO - DAG(s) 'xml_to_mysql_etl' retrieved from /opt/airflow/dags/DAG_urbania.py
[2026-01-30T21:43:26.046+0000] {logging_mixin.py:188} INFO - [2026-01-30T21:43:26.046+0000] {dag.py:3036} INFO - Sync 1 DAGs
[2026-01-30T21:43:26.065+0000] {logging_mixin.py:188} INFO - [2026-01-30T21:43:26.065+0000] {dag.py:3823} INFO - Setting next_dagrun for xml_to_mysql_etl to 2026-01-29 00:00:00+00:00, run_after=2026-01-30 00:00:00+00:00
[2026-01-30T21:43:26.083+0000] {processor.py:183} INFO - Processing /opt/airflow/dags/DAG_urbania.py took 0.107 seconds
[2026-01-30T21:43:57.761+0000] {processor.py:161} INFO - Started process (PID=650) to work on /opt/airflow/dags/DAG_urbania.py
[2026-01-30T21:43:57.762+0000] {processor.py:830} INFO - Processing file /opt/airflow/dags/DAG_urbania.py for tasks to queue
[2026-01-30T21:43:57.762+0000] {logging_mixin.py:188} INFO - [2026-01-30T21:43:57.762+0000] {dagbag.py:538} INFO - Filling up the DagBag from /opt/airflow/dags/DAG_urbania.py
[2026-01-30T21:43:57.783+0000] {processor.py:840} INFO - DAG(s) 'xml_to_mysql_etl' retrieved from /opt/airflow/dags/DAG_urbania.py
[2026-01-30T21:43:57.828+0000] {logging_mixin.py:188} INFO - [2026-01-30T21:43:57.828+0000] {dag.py:3036} INFO - Sync 1 DAGs
[2026-01-30T21:43:57.847+0000] {logging_mixin.py:188} INFO - [2026-01-30T21:43:57.847+0000] {dag.py:3823} INFO - Setting next_dagrun for xml_to_mysql_etl to 2026-01-29 00:00:00+00:00, run_after=2026-01-30 00:00:00+00:00
[2026-01-30T21:43:57.867+0000] {processor.py:183} INFO - Processing /opt/airflow/dags/DAG_urbania.py took 0.109 seconds
[2026-01-30T21:44:29.649+0000] {processor.py:161} INFO - Started process (PID=655) to work on /opt/airflow/dags/DAG_urbania.py
[2026-01-30T21:44:29.650+0000] {processor.py:830} INFO - Processing file /opt/airflow/dags/DAG_urbania.py for tasks to queue
[2026-01-30T21:44:29.651+0000] {logging_mixin.py:188} INFO - [2026-01-30T21:44:29.651+0000] {dagbag.py:538} INFO - Filling up the DagBag from /opt/airflow/dags/DAG_urbania.py
[2026-01-30T21:44:29.670+0000] {processor.py:840} INFO - DAG(s) 'xml_to_mysql_etl' retrieved from /opt/airflow/dags/DAG_urbania.py
[2026-01-30T21:44:29.713+0000] {logging_mixin.py:188} INFO - [2026-01-30T21:44:29.713+0000] {dag.py:3036} INFO - Sync 1 DAGs
[2026-01-30T21:44:29.732+0000] {logging_mixin.py:188} INFO - [2026-01-30T21:44:29.731+0000] {dag.py:3823} INFO - Setting next_dagrun for xml_to_mysql_etl to 2026-01-29 00:00:00+00:00, run_after=2026-01-30 00:00:00+00:00
[2026-01-30T21:44:29.759+0000] {processor.py:183} INFO - Processing /opt/airflow/dags/DAG_urbania.py took 0.112 seconds
[2026-01-30T21:45:00.506+0000] {processor.py:161} INFO - Started process (PID=660) to work on /opt/airflow/dags/DAG_urbania.py
[2026-01-30T21:45:00.507+0000] {processor.py:830} INFO - Processing file /opt/airflow/dags/DAG_urbania.py for tasks to queue
[2026-01-30T21:45:00.508+0000] {logging_mixin.py:188} INFO - [2026-01-30T21:45:00.508+0000] {dagbag.py:538} INFO - Filling up the DagBag from /opt/airflow/dags/DAG_urbania.py
[2026-01-30T21:45:00.527+0000] {processor.py:840} INFO - DAG(s) 'xml_to_mysql_etl' retrieved from /opt/airflow/dags/DAG_urbania.py
[2026-01-30T21:45:00.574+0000] {logging_mixin.py:188} INFO - [2026-01-30T21:45:00.574+0000] {dag.py:3036} INFO - Sync 1 DAGs
[2026-01-30T21:45:00.591+0000] {logging_mixin.py:188} INFO - [2026-01-30T21:45:00.591+0000] {dag.py:3823} INFO - Setting next_dagrun for xml_to_mysql_etl to 2026-01-29 00:00:00+00:00, run_after=2026-01-30 00:00:00+00:00
[2026-01-30T21:45:00.618+0000] {processor.py:183} INFO - Processing /opt/airflow/dags/DAG_urbania.py took 0.115 seconds
[2026-01-30T21:45:32.232+0000] {processor.py:161} INFO - Started process (PID=665) to work on /opt/airflow/dags/DAG_urbania.py
[2026-01-30T21:45:32.233+0000] {processor.py:830} INFO - Processing file /opt/airflow/dags/DAG_urbania.py for tasks to queue
[2026-01-30T21:45:32.234+0000] {logging_mixin.py:188} INFO - [2026-01-30T21:45:32.234+0000] {dagbag.py:538} INFO - Filling up the DagBag from /opt/airflow/dags/DAG_urbania.py
[2026-01-30T21:45:32.254+0000] {processor.py:840} INFO - DAG(s) 'xml_to_mysql_etl' retrieved from /opt/airflow/dags/DAG_urbania.py
[2026-01-30T21:45:32.303+0000] {logging_mixin.py:188} INFO - [2026-01-30T21:45:32.302+0000] {dag.py:3036} INFO - Sync 1 DAGs
[2026-01-30T21:45:32.323+0000] {logging_mixin.py:188} INFO - [2026-01-30T21:45:32.323+0000] {dag.py:3823} INFO - Setting next_dagrun for xml_to_mysql_etl to 2026-01-29 00:00:00+00:00, run_after=2026-01-30 00:00:00+00:00
[2026-01-30T21:45:32.354+0000] {processor.py:183} INFO - Processing /opt/airflow/dags/DAG_urbania.py took 0.125 seconds
[2026-01-30T21:46:04.121+0000] {processor.py:161} INFO - Started process (PID=670) to work on /opt/airflow/dags/DAG_urbania.py
[2026-01-30T21:46:04.122+0000] {processor.py:830} INFO - Processing file /opt/airflow/dags/DAG_urbania.py for tasks to queue
[2026-01-30T21:46:04.123+0000] {logging_mixin.py:188} INFO - [2026-01-30T21:46:04.123+0000] {dagbag.py:538} INFO - Filling up the DagBag from /opt/airflow/dags/DAG_urbania.py
[2026-01-30T21:46:04.143+0000] {processor.py:840} INFO - DAG(s) 'xml_to_mysql_etl' retrieved from /opt/airflow/dags/DAG_urbania.py
[2026-01-30T21:46:04.187+0000] {logging_mixin.py:188} INFO - [2026-01-30T21:46:04.187+0000] {dag.py:3036} INFO - Sync 1 DAGs
[2026-01-30T21:46:04.205+0000] {logging_mixin.py:188} INFO - [2026-01-30T21:46:04.205+0000] {dag.py:3823} INFO - Setting next_dagrun for xml_to_mysql_etl to 2026-01-29 00:00:00+00:00, run_after=2026-01-30 00:00:00+00:00
[2026-01-30T21:46:04.232+0000] {processor.py:183} INFO - Processing /opt/airflow/dags/DAG_urbania.py took 0.113 seconds
[2026-01-30T21:46:35.895+0000] {processor.py:161} INFO - Started process (PID=675) to work on /opt/airflow/dags/DAG_urbania.py
[2026-01-30T21:46:35.896+0000] {processor.py:830} INFO - Processing file /opt/airflow/dags/DAG_urbania.py for tasks to queue
[2026-01-30T21:46:35.897+0000] {logging_mixin.py:188} INFO - [2026-01-30T21:46:35.897+0000] {dagbag.py:538} INFO - Filling up the DagBag from /opt/airflow/dags/DAG_urbania.py
[2026-01-30T21:46:35.916+0000] {processor.py:840} INFO - DAG(s) 'xml_to_mysql_etl' retrieved from /opt/airflow/dags/DAG_urbania.py
[2026-01-30T21:46:35.965+0000] {logging_mixin.py:188} INFO - [2026-01-30T21:46:35.965+0000] {dag.py:3036} INFO - Sync 1 DAGs
[2026-01-30T21:46:35.983+0000] {logging_mixin.py:188} INFO - [2026-01-30T21:46:35.983+0000] {dag.py:3823} INFO - Setting next_dagrun for xml_to_mysql_etl to 2026-01-29 00:00:00+00:00, run_after=2026-01-30 00:00:00+00:00
[2026-01-30T21:46:36.011+0000] {processor.py:183} INFO - Processing /opt/airflow/dags/DAG_urbania.py took 0.119 seconds
[2026-01-30T21:47:07.792+0000] {processor.py:161} INFO - Started process (PID=680) to work on /opt/airflow/dags/DAG_urbania.py
[2026-01-30T21:47:07.793+0000] {processor.py:830} INFO - Processing file /opt/airflow/dags/DAG_urbania.py for tasks to queue
[2026-01-30T21:47:07.794+0000] {logging_mixin.py:188} INFO - [2026-01-30T21:47:07.793+0000] {dagbag.py:538} INFO - Filling up the DagBag from /opt/airflow/dags/DAG_urbania.py
[2026-01-30T21:47:07.813+0000] {processor.py:840} INFO - DAG(s) 'xml_to_mysql_etl' retrieved from /opt/airflow/dags/DAG_urbania.py
[2026-01-30T21:47:07.857+0000] {logging_mixin.py:188} INFO - [2026-01-30T21:47:07.857+0000] {dag.py:3036} INFO - Sync 1 DAGs
[2026-01-30T21:47:07.875+0000] {logging_mixin.py:188} INFO - [2026-01-30T21:47:07.874+0000] {dag.py:3823} INFO - Setting next_dagrun for xml_to_mysql_etl to 2026-01-29 00:00:00+00:00, run_after=2026-01-30 00:00:00+00:00
[2026-01-30T21:47:07.894+0000] {processor.py:183} INFO - Processing /opt/airflow/dags/DAG_urbania.py took 0.104 seconds
[2026-01-30T21:47:38.550+0000] {processor.py:161} INFO - Started process (PID=685) to work on /opt/airflow/dags/DAG_urbania.py
[2026-01-30T21:47:38.551+0000] {processor.py:830} INFO - Processing file /opt/airflow/dags/DAG_urbania.py for tasks to queue
[2026-01-30T21:47:38.551+0000] {logging_mixin.py:188} INFO - [2026-01-30T21:47:38.551+0000] {dagbag.py:538} INFO - Filling up the DagBag from /opt/airflow/dags/DAG_urbania.py
[2026-01-30T21:47:38.571+0000] {processor.py:840} INFO - DAG(s) 'xml_to_mysql_etl' retrieved from /opt/airflow/dags/DAG_urbania.py
[2026-01-30T21:47:38.617+0000] {logging_mixin.py:188} INFO - [2026-01-30T21:47:38.617+0000] {dag.py:3036} INFO - Sync 1 DAGs
[2026-01-30T21:47:38.636+0000] {logging_mixin.py:188} INFO - [2026-01-30T21:47:38.636+0000] {dag.py:3823} INFO - Setting next_dagrun for xml_to_mysql_etl to 2026-01-29 00:00:00+00:00, run_after=2026-01-30 00:00:00+00:00
[2026-01-30T21:47:38.663+0000] {processor.py:183} INFO - Processing /opt/airflow/dags/DAG_urbania.py took 0.116 seconds
[2026-01-30T21:48:10.408+0000] {processor.py:161} INFO - Started process (PID=690) to work on /opt/airflow/dags/DAG_urbania.py
[2026-01-30T21:48:10.409+0000] {processor.py:830} INFO - Processing file /opt/airflow/dags/DAG_urbania.py for tasks to queue
[2026-01-30T21:48:10.410+0000] {logging_mixin.py:188} INFO - [2026-01-30T21:48:10.409+0000] {dagbag.py:538} INFO - Filling up the DagBag from /opt/airflow/dags/DAG_urbania.py
[2026-01-30T21:48:10.428+0000] {processor.py:840} INFO - DAG(s) 'xml_to_mysql_etl' retrieved from /opt/airflow/dags/DAG_urbania.py
[2026-01-30T21:48:10.471+0000] {logging_mixin.py:188} INFO - [2026-01-30T21:48:10.471+0000] {dag.py:3036} INFO - Sync 1 DAGs
[2026-01-30T21:48:10.489+0000] {logging_mixin.py:188} INFO - [2026-01-30T21:48:10.489+0000] {dag.py:3823} INFO - Setting next_dagrun for xml_to_mysql_etl to 2026-01-29 00:00:00+00:00, run_after=2026-01-30 00:00:00+00:00
[2026-01-30T21:48:10.509+0000] {processor.py:183} INFO - Processing /opt/airflow/dags/DAG_urbania.py took 0.104 seconds
[2026-01-30T21:48:42.219+0000] {processor.py:161} INFO - Started process (PID=695) to work on /opt/airflow/dags/DAG_urbania.py
[2026-01-30T21:48:42.220+0000] {processor.py:830} INFO - Processing file /opt/airflow/dags/DAG_urbania.py for tasks to queue
[2026-01-30T21:48:42.220+0000] {logging_mixin.py:188} INFO - [2026-01-30T21:48:42.220+0000] {dagbag.py:538} INFO - Filling up the DagBag from /opt/airflow/dags/DAG_urbania.py
[2026-01-30T21:48:42.240+0000] {processor.py:840} INFO - DAG(s) 'xml_to_mysql_etl' retrieved from /opt/airflow/dags/DAG_urbania.py
[2026-01-30T21:48:42.287+0000] {logging_mixin.py:188} INFO - [2026-01-30T21:48:42.287+0000] {dag.py:3036} INFO - Sync 1 DAGs
[2026-01-30T21:48:42.306+0000] {logging_mixin.py:188} INFO - [2026-01-30T21:48:42.306+0000] {dag.py:3823} INFO - Setting next_dagrun for xml_to_mysql_etl to 2026-01-29 00:00:00+00:00, run_after=2026-01-30 00:00:00+00:00
[2026-01-30T21:48:42.326+0000] {processor.py:183} INFO - Processing /opt/airflow/dags/DAG_urbania.py took 0.110 seconds
[2026-01-30T21:49:14.110+0000] {processor.py:161} INFO - Started process (PID=700) to work on /opt/airflow/dags/DAG_urbania.py
[2026-01-30T21:49:14.111+0000] {processor.py:830} INFO - Processing file /opt/airflow/dags/DAG_urbania.py for tasks to queue
[2026-01-30T21:49:14.111+0000] {logging_mixin.py:188} INFO - [2026-01-30T21:49:14.111+0000] {dagbag.py:538} INFO - Filling up the DagBag from /opt/airflow/dags/DAG_urbania.py
[2026-01-30T21:49:14.132+0000] {processor.py:840} INFO - DAG(s) 'xml_to_mysql_etl' retrieved from /opt/airflow/dags/DAG_urbania.py
[2026-01-30T21:49:14.177+0000] {logging_mixin.py:188} INFO - [2026-01-30T21:49:14.177+0000] {dag.py:3036} INFO - Sync 1 DAGs
[2026-01-30T21:49:14.196+0000] {logging_mixin.py:188} INFO - [2026-01-30T21:49:14.195+0000] {dag.py:3823} INFO - Setting next_dagrun for xml_to_mysql_etl to 2026-01-29 00:00:00+00:00, run_after=2026-01-30 00:00:00+00:00
[2026-01-30T21:49:14.224+0000] {processor.py:183} INFO - Processing /opt/airflow/dags/DAG_urbania.py took 0.117 seconds
[2026-01-30T21:49:45.867+0000] {processor.py:161} INFO - Started process (PID=705) to work on /opt/airflow/dags/DAG_urbania.py
[2026-01-30T21:49:45.868+0000] {processor.py:830} INFO - Processing file /opt/airflow/dags/DAG_urbania.py for tasks to queue
[2026-01-30T21:49:45.869+0000] {logging_mixin.py:188} INFO - [2026-01-30T21:49:45.869+0000] {dagbag.py:538} INFO - Filling up the DagBag from /opt/airflow/dags/DAG_urbania.py
[2026-01-30T21:49:45.895+0000] {processor.py:840} INFO - DAG(s) 'xml_to_mysql_etl' retrieved from /opt/airflow/dags/DAG_urbania.py
[2026-01-30T21:49:45.947+0000] {logging_mixin.py:188} INFO - [2026-01-30T21:49:45.947+0000] {dag.py:3036} INFO - Sync 1 DAGs
[2026-01-30T21:49:45.965+0000] {logging_mixin.py:188} INFO - [2026-01-30T21:49:45.964+0000] {dag.py:3823} INFO - Setting next_dagrun for xml_to_mysql_etl to 2026-01-29 00:00:00+00:00, run_after=2026-01-30 00:00:00+00:00
[2026-01-30T21:49:45.984+0000] {processor.py:183} INFO - Processing /opt/airflow/dags/DAG_urbania.py took 0.120 seconds
[2026-01-30T21:50:16.751+0000] {processor.py:161} INFO - Started process (PID=710) to work on /opt/airflow/dags/DAG_urbania.py
[2026-01-30T21:50:16.752+0000] {processor.py:830} INFO - Processing file /opt/airflow/dags/DAG_urbania.py for tasks to queue
[2026-01-30T21:50:16.753+0000] {logging_mixin.py:188} INFO - [2026-01-30T21:50:16.752+0000] {dagbag.py:538} INFO - Filling up the DagBag from /opt/airflow/dags/DAG_urbania.py
[2026-01-30T21:50:16.770+0000] {processor.py:840} INFO - DAG(s) 'xml_to_mysql_etl' retrieved from /opt/airflow/dags/DAG_urbania.py
[2026-01-30T21:50:16.810+0000] {logging_mixin.py:188} INFO - [2026-01-30T21:50:16.810+0000] {dag.py:3036} INFO - Sync 1 DAGs
[2026-01-30T21:50:16.826+0000] {logging_mixin.py:188} INFO - [2026-01-30T21:50:16.826+0000] {dag.py:3823} INFO - Setting next_dagrun for xml_to_mysql_etl to 2026-01-29 00:00:00+00:00, run_after=2026-01-30 00:00:00+00:00
[2026-01-30T21:50:16.846+0000] {processor.py:183} INFO - Processing /opt/airflow/dags/DAG_urbania.py took 0.097 seconds
[2026-01-30T21:50:48.591+0000] {processor.py:161} INFO - Started process (PID=715) to work on /opt/airflow/dags/DAG_urbania.py
[2026-01-30T21:50:48.592+0000] {processor.py:830} INFO - Processing file /opt/airflow/dags/DAG_urbania.py for tasks to queue
[2026-01-30T21:50:48.593+0000] {logging_mixin.py:188} INFO - [2026-01-30T21:50:48.592+0000] {dagbag.py:538} INFO - Filling up the DagBag from /opt/airflow/dags/DAG_urbania.py
[2026-01-30T21:50:48.612+0000] {processor.py:840} INFO - DAG(s) 'xml_to_mysql_etl' retrieved from /opt/airflow/dags/DAG_urbania.py
[2026-01-30T21:50:48.660+0000] {logging_mixin.py:188} INFO - [2026-01-30T21:50:48.660+0000] {dag.py:3036} INFO - Sync 1 DAGs
[2026-01-30T21:50:48.679+0000] {logging_mixin.py:188} INFO - [2026-01-30T21:50:48.679+0000] {dag.py:3823} INFO - Setting next_dagrun for xml_to_mysql_etl to 2026-01-29 00:00:00+00:00, run_after=2026-01-30 00:00:00+00:00
[2026-01-30T21:50:48.700+0000] {processor.py:183} INFO - Processing /opt/airflow/dags/DAG_urbania.py took 0.112 seconds
[2026-01-30T21:51:20.422+0000] {processor.py:161} INFO - Started process (PID=720) to work on /opt/airflow/dags/DAG_urbania.py
[2026-01-30T21:51:20.423+0000] {processor.py:830} INFO - Processing file /opt/airflow/dags/DAG_urbania.py for tasks to queue
[2026-01-30T21:51:20.424+0000] {logging_mixin.py:188} INFO - [2026-01-30T21:51:20.423+0000] {dagbag.py:538} INFO - Filling up the DagBag from /opt/airflow/dags/DAG_urbania.py
[2026-01-30T21:51:20.443+0000] {processor.py:840} INFO - DAG(s) 'xml_to_mysql_etl' retrieved from /opt/airflow/dags/DAG_urbania.py
[2026-01-30T21:51:20.485+0000] {logging_mixin.py:188} INFO - [2026-01-30T21:51:20.485+0000] {dag.py:3036} INFO - Sync 1 DAGs
[2026-01-30T21:51:20.502+0000] {logging_mixin.py:188} INFO - [2026-01-30T21:51:20.502+0000] {dag.py:3823} INFO - Setting next_dagrun for xml_to_mysql_etl to 2026-01-29 00:00:00+00:00, run_after=2026-01-30 00:00:00+00:00
[2026-01-30T21:51:20.522+0000] {processor.py:183} INFO - Processing /opt/airflow/dags/DAG_urbania.py took 0.103 seconds
[2026-01-30T21:51:52.218+0000] {processor.py:161} INFO - Started process (PID=725) to work on /opt/airflow/dags/DAG_urbania.py
[2026-01-30T21:51:52.218+0000] {processor.py:830} INFO - Processing file /opt/airflow/dags/DAG_urbania.py for tasks to queue
[2026-01-30T21:51:52.219+0000] {logging_mixin.py:188} INFO - [2026-01-30T21:51:52.219+0000] {dagbag.py:538} INFO - Filling up the DagBag from /opt/airflow/dags/DAG_urbania.py
[2026-01-30T21:51:52.237+0000] {processor.py:840} INFO - DAG(s) 'xml_to_mysql_etl' retrieved from /opt/airflow/dags/DAG_urbania.py
[2026-01-30T21:51:52.282+0000] {logging_mixin.py:188} INFO - [2026-01-30T21:51:52.281+0000] {dag.py:3036} INFO - Sync 1 DAGs
[2026-01-30T21:51:52.307+0000] {logging_mixin.py:188} INFO - [2026-01-30T21:51:52.307+0000] {dag.py:3823} INFO - Setting next_dagrun for xml_to_mysql_etl to 2026-01-29 00:00:00+00:00, run_after=2026-01-30 00:00:00+00:00
[2026-01-30T21:51:52.332+0000] {processor.py:183} INFO - Processing /opt/airflow/dags/DAG_urbania.py took 0.117 seconds
[2026-01-30T21:52:24.073+0000] {processor.py:161} INFO - Started process (PID=730) to work on /opt/airflow/dags/DAG_urbania.py
[2026-01-30T21:52:24.074+0000] {processor.py:830} INFO - Processing file /opt/airflow/dags/DAG_urbania.py for tasks to queue
[2026-01-30T21:52:24.075+0000] {logging_mixin.py:188} INFO - [2026-01-30T21:52:24.074+0000] {dagbag.py:538} INFO - Filling up the DagBag from /opt/airflow/dags/DAG_urbania.py
[2026-01-30T21:52:24.095+0000] {processor.py:840} INFO - DAG(s) 'xml_to_mysql_etl' retrieved from /opt/airflow/dags/DAG_urbania.py
[2026-01-30T21:52:24.142+0000] {logging_mixin.py:188} INFO - [2026-01-30T21:52:24.142+0000] {dag.py:3036} INFO - Sync 1 DAGs
[2026-01-30T21:52:24.157+0000] {logging_mixin.py:188} INFO - [2026-01-30T21:52:24.157+0000] {dag.py:3823} INFO - Setting next_dagrun for xml_to_mysql_etl to 2026-01-29 00:00:00+00:00, run_after=2026-01-30 00:00:00+00:00
[2026-01-30T21:52:24.185+0000] {processor.py:183} INFO - Processing /opt/airflow/dags/DAG_urbania.py took 0.115 seconds
[2026-01-30T21:52:54.995+0000] {processor.py:161} INFO - Started process (PID=735) to work on /opt/airflow/dags/DAG_urbania.py
[2026-01-30T21:52:54.996+0000] {processor.py:830} INFO - Processing file /opt/airflow/dags/DAG_urbania.py for tasks to queue
[2026-01-30T21:52:54.997+0000] {logging_mixin.py:188} INFO - [2026-01-30T21:52:54.997+0000] {dagbag.py:538} INFO - Filling up the DagBag from /opt/airflow/dags/DAG_urbania.py
[2026-01-30T21:52:55.017+0000] {processor.py:840} INFO - DAG(s) 'xml_to_mysql_etl' retrieved from /opt/airflow/dags/DAG_urbania.py
[2026-01-30T21:52:55.062+0000] {logging_mixin.py:188} INFO - [2026-01-30T21:52:55.062+0000] {dag.py:3036} INFO - Sync 1 DAGs
[2026-01-30T21:52:55.079+0000] {logging_mixin.py:188} INFO - [2026-01-30T21:52:55.079+0000] {dag.py:3823} INFO - Setting next_dagrun for xml_to_mysql_etl to 2026-01-29 00:00:00+00:00, run_after=2026-01-30 00:00:00+00:00
[2026-01-30T21:52:55.098+0000] {processor.py:183} INFO - Processing /opt/airflow/dags/DAG_urbania.py took 0.106 seconds
[2026-01-30T21:53:26.787+0000] {processor.py:161} INFO - Started process (PID=740) to work on /opt/airflow/dags/DAG_urbania.py
[2026-01-30T21:53:26.788+0000] {processor.py:830} INFO - Processing file /opt/airflow/dags/DAG_urbania.py for tasks to queue
[2026-01-30T21:53:26.789+0000] {logging_mixin.py:188} INFO - [2026-01-30T21:53:26.788+0000] {dagbag.py:538} INFO - Filling up the DagBag from /opt/airflow/dags/DAG_urbania.py
[2026-01-30T21:53:26.808+0000] {processor.py:840} INFO - DAG(s) 'xml_to_mysql_etl' retrieved from /opt/airflow/dags/DAG_urbania.py
[2026-01-30T21:53:26.853+0000] {logging_mixin.py:188} INFO - [2026-01-30T21:53:26.853+0000] {dag.py:3036} INFO - Sync 1 DAGs
[2026-01-30T21:53:26.870+0000] {logging_mixin.py:188} INFO - [2026-01-30T21:53:26.870+0000] {dag.py:3823} INFO - Setting next_dagrun for xml_to_mysql_etl to 2026-01-29 00:00:00+00:00, run_after=2026-01-30 00:00:00+00:00
[2026-01-30T21:53:26.888+0000] {processor.py:183} INFO - Processing /opt/airflow/dags/DAG_urbania.py took 0.105 seconds
[2026-01-30T21:53:58.649+0000] {processor.py:161} INFO - Started process (PID=745) to work on /opt/airflow/dags/DAG_urbania.py
[2026-01-30T21:53:58.650+0000] {processor.py:830} INFO - Processing file /opt/airflow/dags/DAG_urbania.py for tasks to queue
[2026-01-30T21:53:58.651+0000] {logging_mixin.py:188} INFO - [2026-01-30T21:53:58.651+0000] {dagbag.py:538} INFO - Filling up the DagBag from /opt/airflow/dags/DAG_urbania.py
[2026-01-30T21:53:58.669+0000] {processor.py:840} INFO - DAG(s) 'xml_to_mysql_etl' retrieved from /opt/airflow/dags/DAG_urbania.py
[2026-01-30T21:53:58.715+0000] {logging_mixin.py:188} INFO - [2026-01-30T21:53:58.715+0000] {dag.py:3036} INFO - Sync 1 DAGs
[2026-01-30T21:53:58.734+0000] {logging_mixin.py:188} INFO - [2026-01-30T21:53:58.734+0000] {dag.py:3823} INFO - Setting next_dagrun for xml_to_mysql_etl to 2026-01-29 00:00:00+00:00, run_after=2026-01-30 00:00:00+00:00
[2026-01-30T21:53:58.756+0000] {processor.py:183} INFO - Processing /opt/airflow/dags/DAG_urbania.py took 0.109 seconds
[2026-01-30T21:54:30.475+0000] {processor.py:161} INFO - Started process (PID=750) to work on /opt/airflow/dags/DAG_urbania.py
[2026-01-30T21:54:30.476+0000] {processor.py:830} INFO - Processing file /opt/airflow/dags/DAG_urbania.py for tasks to queue
[2026-01-30T21:54:30.477+0000] {logging_mixin.py:188} INFO - [2026-01-30T21:54:30.477+0000] {dagbag.py:538} INFO - Filling up the DagBag from /opt/airflow/dags/DAG_urbania.py
[2026-01-30T21:54:30.499+0000] {processor.py:840} INFO - DAG(s) 'xml_to_mysql_etl' retrieved from /opt/airflow/dags/DAG_urbania.py
[2026-01-30T21:54:30.547+0000] {logging_mixin.py:188} INFO - [2026-01-30T21:54:30.547+0000] {dag.py:3036} INFO - Sync 1 DAGs
[2026-01-30T21:54:30.562+0000] {logging_mixin.py:188} INFO - [2026-01-30T21:54:30.562+0000] {dag.py:3823} INFO - Setting next_dagrun for xml_to_mysql_etl to 2026-01-29 00:00:00+00:00, run_after=2026-01-30 00:00:00+00:00
[2026-01-30T21:54:30.589+0000] {processor.py:183} INFO - Processing /opt/airflow/dags/DAG_urbania.py took 0.117 seconds
[2026-01-30T21:55:02.368+0000] {processor.py:161} INFO - Started process (PID=755) to work on /opt/airflow/dags/DAG_urbania.py
[2026-01-30T21:55:02.369+0000] {processor.py:830} INFO - Processing file /opt/airflow/dags/DAG_urbania.py for tasks to queue
[2026-01-30T21:55:02.370+0000] {logging_mixin.py:188} INFO - [2026-01-30T21:55:02.370+0000] {dagbag.py:538} INFO - Filling up the DagBag from /opt/airflow/dags/DAG_urbania.py
[2026-01-30T21:55:02.389+0000] {processor.py:840} INFO - DAG(s) 'xml_to_mysql_etl' retrieved from /opt/airflow/dags/DAG_urbania.py
[2026-01-30T21:55:02.432+0000] {logging_mixin.py:188} INFO - [2026-01-30T21:55:02.432+0000] {dag.py:3036} INFO - Sync 1 DAGs
[2026-01-30T21:55:02.449+0000] {logging_mixin.py:188} INFO - [2026-01-30T21:55:02.449+0000] {dag.py:3823} INFO - Setting next_dagrun for xml_to_mysql_etl to 2026-01-29 00:00:00+00:00, run_after=2026-01-30 00:00:00+00:00
[2026-01-30T21:55:02.478+0000] {processor.py:183} INFO - Processing /opt/airflow/dags/DAG_urbania.py took 0.113 seconds
[2026-01-30T21:55:33.264+0000] {processor.py:161} INFO - Started process (PID=760) to work on /opt/airflow/dags/DAG_urbania.py
[2026-01-30T21:55:33.265+0000] {processor.py:830} INFO - Processing file /opt/airflow/dags/DAG_urbania.py for tasks to queue
[2026-01-30T21:55:33.266+0000] {logging_mixin.py:188} INFO - [2026-01-30T21:55:33.265+0000] {dagbag.py:538} INFO - Filling up the DagBag from /opt/airflow/dags/DAG_urbania.py
[2026-01-30T21:55:33.285+0000] {processor.py:840} INFO - DAG(s) 'xml_to_mysql_etl' retrieved from /opt/airflow/dags/DAG_urbania.py
[2026-01-30T21:55:33.331+0000] {logging_mixin.py:188} INFO - [2026-01-30T21:55:33.331+0000] {dag.py:3036} INFO - Sync 1 DAGs
[2026-01-30T21:55:33.349+0000] {logging_mixin.py:188} INFO - [2026-01-30T21:55:33.349+0000] {dag.py:3823} INFO - Setting next_dagrun for xml_to_mysql_etl to 2026-01-29 00:00:00+00:00, run_after=2026-01-30 00:00:00+00:00
[2026-01-30T21:55:33.369+0000] {processor.py:183} INFO - Processing /opt/airflow/dags/DAG_urbania.py took 0.109 seconds
[2026-01-30T21:56:05.043+0000] {processor.py:161} INFO - Started process (PID=765) to work on /opt/airflow/dags/DAG_urbania.py
[2026-01-30T21:56:05.044+0000] {processor.py:830} INFO - Processing file /opt/airflow/dags/DAG_urbania.py for tasks to queue
[2026-01-30T21:56:05.045+0000] {logging_mixin.py:188} INFO - [2026-01-30T21:56:05.045+0000] {dagbag.py:538} INFO - Filling up the DagBag from /opt/airflow/dags/DAG_urbania.py
[2026-01-30T21:56:05.067+0000] {processor.py:840} INFO - DAG(s) 'xml_to_mysql_etl' retrieved from /opt/airflow/dags/DAG_urbania.py
[2026-01-30T21:56:05.115+0000] {logging_mixin.py:188} INFO - [2026-01-30T21:56:05.115+0000] {dag.py:3036} INFO - Sync 1 DAGs
[2026-01-30T21:56:05.134+0000] {logging_mixin.py:188} INFO - [2026-01-30T21:56:05.134+0000] {dag.py:3823} INFO - Setting next_dagrun for xml_to_mysql_etl to 2026-01-29 00:00:00+00:00, run_after=2026-01-30 00:00:00+00:00
[2026-01-30T21:56:05.154+0000] {processor.py:183} INFO - Processing /opt/airflow/dags/DAG_urbania.py took 0.114 seconds
[2026-01-30T21:56:36.950+0000] {processor.py:161} INFO - Started process (PID=770) to work on /opt/airflow/dags/DAG_urbania.py
[2026-01-30T21:56:36.951+0000] {processor.py:830} INFO - Processing file /opt/airflow/dags/DAG_urbania.py for tasks to queue
[2026-01-30T21:56:36.952+0000] {logging_mixin.py:188} INFO - [2026-01-30T21:56:36.951+0000] {dagbag.py:538} INFO - Filling up the DagBag from /opt/airflow/dags/DAG_urbania.py
[2026-01-30T21:56:36.972+0000] {processor.py:840} INFO - DAG(s) 'xml_to_mysql_etl' retrieved from /opt/airflow/dags/DAG_urbania.py
[2026-01-30T21:56:37.017+0000] {logging_mixin.py:188} INFO - [2026-01-30T21:56:37.017+0000] {dag.py:3036} INFO - Sync 1 DAGs
[2026-01-30T21:56:37.037+0000] {logging_mixin.py:188} INFO - [2026-01-30T21:56:37.037+0000] {dag.py:3823} INFO - Setting next_dagrun for xml_to_mysql_etl to 2026-01-29 00:00:00+00:00, run_after=2026-01-30 00:00:00+00:00
[2026-01-30T21:56:37.060+0000] {processor.py:183} INFO - Processing /opt/airflow/dags/DAG_urbania.py took 0.113 seconds
[2026-01-30T21:57:08.772+0000] {processor.py:161} INFO - Started process (PID=775) to work on /opt/airflow/dags/DAG_urbania.py
[2026-01-30T21:57:08.773+0000] {processor.py:830} INFO - Processing file /opt/airflow/dags/DAG_urbania.py for tasks to queue
[2026-01-30T21:57:08.774+0000] {logging_mixin.py:188} INFO - [2026-01-30T21:57:08.774+0000] {dagbag.py:538} INFO - Filling up the DagBag from /opt/airflow/dags/DAG_urbania.py
[2026-01-30T21:57:08.794+0000] {processor.py:840} INFO - DAG(s) 'xml_to_mysql_etl' retrieved from /opt/airflow/dags/DAG_urbania.py
[2026-01-30T21:57:08.839+0000] {logging_mixin.py:188} INFO - [2026-01-30T21:57:08.839+0000] {dag.py:3036} INFO - Sync 1 DAGs
[2026-01-30T21:57:08.857+0000] {logging_mixin.py:188} INFO - [2026-01-30T21:57:08.856+0000] {dag.py:3823} INFO - Setting next_dagrun for xml_to_mysql_etl to 2026-01-29 00:00:00+00:00, run_after=2026-01-30 00:00:00+00:00
[2026-01-30T21:57:08.875+0000] {processor.py:183} INFO - Processing /opt/airflow/dags/DAG_urbania.py took 0.106 seconds
[2026-01-30T21:57:40.690+0000] {processor.py:161} INFO - Started process (PID=780) to work on /opt/airflow/dags/DAG_urbania.py
[2026-01-30T21:57:40.691+0000] {processor.py:830} INFO - Processing file /opt/airflow/dags/DAG_urbania.py for tasks to queue
[2026-01-30T21:57:40.692+0000] {logging_mixin.py:188} INFO - [2026-01-30T21:57:40.691+0000] {dagbag.py:538} INFO - Filling up the DagBag from /opt/airflow/dags/DAG_urbania.py
[2026-01-30T21:57:40.714+0000] {processor.py:840} INFO - DAG(s) 'xml_to_mysql_etl' retrieved from /opt/airflow/dags/DAG_urbania.py
[2026-01-30T21:57:40.760+0000] {logging_mixin.py:188} INFO - [2026-01-30T21:57:40.760+0000] {dag.py:3036} INFO - Sync 1 DAGs
[2026-01-30T21:57:40.778+0000] {logging_mixin.py:188} INFO - [2026-01-30T21:57:40.778+0000] {dag.py:3823} INFO - Setting next_dagrun for xml_to_mysql_etl to 2026-01-29 00:00:00+00:00, run_after=2026-01-30 00:00:00+00:00
[2026-01-30T21:57:40.799+0000] {processor.py:183} INFO - Processing /opt/airflow/dags/DAG_urbania.py took 0.111 seconds
[2026-01-30T21:58:11.587+0000] {processor.py:161} INFO - Started process (PID=785) to work on /opt/airflow/dags/DAG_urbania.py
[2026-01-30T21:58:11.588+0000] {processor.py:830} INFO - Processing file /opt/airflow/dags/DAG_urbania.py for tasks to queue
[2026-01-30T21:58:11.589+0000] {logging_mixin.py:188} INFO - [2026-01-30T21:58:11.588+0000] {dagbag.py:538} INFO - Filling up the DagBag from /opt/airflow/dags/DAG_urbania.py
[2026-01-30T21:58:11.607+0000] {processor.py:840} INFO - DAG(s) 'xml_to_mysql_etl' retrieved from /opt/airflow/dags/DAG_urbania.py
[2026-01-30T21:58:11.653+0000] {logging_mixin.py:188} INFO - [2026-01-30T21:58:11.653+0000] {dag.py:3036} INFO - Sync 1 DAGs
[2026-01-30T21:58:11.671+0000] {logging_mixin.py:188} INFO - [2026-01-30T21:58:11.671+0000] {dag.py:3823} INFO - Setting next_dagrun for xml_to_mysql_etl to 2026-01-29 00:00:00+00:00, run_after=2026-01-30 00:00:00+00:00
[2026-01-30T21:58:11.699+0000] {processor.py:183} INFO - Processing /opt/airflow/dags/DAG_urbania.py took 0.115 seconds
[2026-01-30T21:58:43.416+0000] {processor.py:161} INFO - Started process (PID=790) to work on /opt/airflow/dags/DAG_urbania.py
[2026-01-30T21:58:43.417+0000] {processor.py:830} INFO - Processing file /opt/airflow/dags/DAG_urbania.py for tasks to queue
[2026-01-30T21:58:43.418+0000] {logging_mixin.py:188} INFO - [2026-01-30T21:58:43.418+0000] {dagbag.py:538} INFO - Filling up the DagBag from /opt/airflow/dags/DAG_urbania.py
[2026-01-30T21:58:43.440+0000] {processor.py:840} INFO - DAG(s) 'xml_to_mysql_etl' retrieved from /opt/airflow/dags/DAG_urbania.py
[2026-01-30T21:58:43.488+0000] {logging_mixin.py:188} INFO - [2026-01-30T21:58:43.488+0000] {dag.py:3036} INFO - Sync 1 DAGs
[2026-01-30T21:58:43.508+0000] {logging_mixin.py:188} INFO - [2026-01-30T21:58:43.508+0000] {dag.py:3823} INFO - Setting next_dagrun for xml_to_mysql_etl to 2026-01-29 00:00:00+00:00, run_after=2026-01-30 00:00:00+00:00
[2026-01-30T21:58:43.534+0000] {processor.py:183} INFO - Processing /opt/airflow/dags/DAG_urbania.py took 0.122 seconds
[2026-01-30T21:59:15.401+0000] {processor.py:161} INFO - Started process (PID=795) to work on /opt/airflow/dags/DAG_urbania.py
[2026-01-30T21:59:15.402+0000] {processor.py:830} INFO - Processing file /opt/airflow/dags/DAG_urbania.py for tasks to queue
[2026-01-30T21:59:15.403+0000] {logging_mixin.py:188} INFO - [2026-01-30T21:59:15.403+0000] {dagbag.py:538} INFO - Filling up the DagBag from /opt/airflow/dags/DAG_urbania.py
[2026-01-30T21:59:15.421+0000] {processor.py:840} INFO - DAG(s) 'xml_to_mysql_etl' retrieved from /opt/airflow/dags/DAG_urbania.py
[2026-01-30T21:59:15.465+0000] {logging_mixin.py:188} INFO - [2026-01-30T21:59:15.464+0000] {dag.py:3036} INFO - Sync 1 DAGs
[2026-01-30T21:59:15.483+0000] {logging_mixin.py:188} INFO - [2026-01-30T21:59:15.482+0000] {dag.py:3823} INFO - Setting next_dagrun for xml_to_mysql_etl to 2026-01-29 00:00:00+00:00, run_after=2026-01-30 00:00:00+00:00
[2026-01-30T21:59:15.501+0000] {processor.py:183} INFO - Processing /opt/airflow/dags/DAG_urbania.py took 0.103 seconds
[2026-01-30T21:59:47.220+0000] {processor.py:161} INFO - Started process (PID=800) to work on /opt/airflow/dags/DAG_urbania.py
[2026-01-30T21:59:47.222+0000] {processor.py:830} INFO - Processing file /opt/airflow/dags/DAG_urbania.py for tasks to queue
[2026-01-30T21:59:47.223+0000] {logging_mixin.py:188} INFO - [2026-01-30T21:59:47.222+0000] {dagbag.py:538} INFO - Filling up the DagBag from /opt/airflow/dags/DAG_urbania.py
[2026-01-30T21:59:47.244+0000] {processor.py:840} INFO - DAG(s) 'xml_to_mysql_etl' retrieved from /opt/airflow/dags/DAG_urbania.py
[2026-01-30T21:59:47.294+0000] {logging_mixin.py:188} INFO - [2026-01-30T21:59:47.294+0000] {dag.py:3036} INFO - Sync 1 DAGs
[2026-01-30T21:59:47.312+0000] {logging_mixin.py:188} INFO - [2026-01-30T21:59:47.311+0000] {dag.py:3823} INFO - Setting next_dagrun for xml_to_mysql_etl to 2026-01-29 00:00:00+00:00, run_after=2026-01-30 00:00:00+00:00
[2026-01-30T21:59:47.339+0000] {processor.py:183} INFO - Processing /opt/airflow/dags/DAG_urbania.py took 0.123 seconds
[2026-01-30T22:00:19.117+0000] {processor.py:161} INFO - Started process (PID=805) to work on /opt/airflow/dags/DAG_urbania.py
[2026-01-30T22:00:19.118+0000] {processor.py:830} INFO - Processing file /opt/airflow/dags/DAG_urbania.py for tasks to queue
[2026-01-30T22:00:19.119+0000] {logging_mixin.py:188} INFO - [2026-01-30T22:00:19.118+0000] {dagbag.py:538} INFO - Filling up the DagBag from /opt/airflow/dags/DAG_urbania.py
[2026-01-30T22:00:19.139+0000] {processor.py:840} INFO - DAG(s) 'xml_to_mysql_etl' retrieved from /opt/airflow/dags/DAG_urbania.py
[2026-01-30T22:00:19.183+0000] {logging_mixin.py:188} INFO - [2026-01-30T22:00:19.183+0000] {dag.py:3036} INFO - Sync 1 DAGs
[2026-01-30T22:00:19.200+0000] {logging_mixin.py:188} INFO - [2026-01-30T22:00:19.200+0000] {dag.py:3823} INFO - Setting next_dagrun for xml_to_mysql_etl to 2026-01-29 00:00:00+00:00, run_after=2026-01-30 00:00:00+00:00
[2026-01-30T22:00:19.229+0000] {processor.py:183} INFO - Processing /opt/airflow/dags/DAG_urbania.py took 0.115 seconds
[2026-01-30T22:00:50.079+0000] {processor.py:161} INFO - Started process (PID=810) to work on /opt/airflow/dags/DAG_urbania.py
[2026-01-30T22:00:50.088+0000] {processor.py:830} INFO - Processing file /opt/airflow/dags/DAG_urbania.py for tasks to queue
[2026-01-30T22:00:50.089+0000] {logging_mixin.py:188} INFO - [2026-01-30T22:00:50.089+0000] {dagbag.py:538} INFO - Filling up the DagBag from /opt/airflow/dags/DAG_urbania.py
[2026-01-30T22:00:50.107+0000] {processor.py:840} INFO - DAG(s) 'xml_to_mysql_etl' retrieved from /opt/airflow/dags/DAG_urbania.py
[2026-01-30T22:00:50.152+0000] {logging_mixin.py:188} INFO - [2026-01-30T22:00:50.152+0000] {dag.py:3036} INFO - Sync 1 DAGs
[2026-01-30T22:00:50.172+0000] {logging_mixin.py:188} INFO - [2026-01-30T22:00:50.172+0000] {dag.py:3823} INFO - Setting next_dagrun for xml_to_mysql_etl to 2026-01-29 00:00:00+00:00, run_after=2026-01-30 00:00:00+00:00
[2026-01-30T22:00:50.198+0000] {processor.py:183} INFO - Processing /opt/airflow/dags/DAG_urbania.py took 0.122 seconds
[2026-01-30T22:01:21.884+0000] {processor.py:161} INFO - Started process (PID=815) to work on /opt/airflow/dags/DAG_urbania.py
[2026-01-30T22:01:21.885+0000] {processor.py:830} INFO - Processing file /opt/airflow/dags/DAG_urbania.py for tasks to queue
[2026-01-30T22:01:21.886+0000] {logging_mixin.py:188} INFO - [2026-01-30T22:01:21.886+0000] {dagbag.py:538} INFO - Filling up the DagBag from /opt/airflow/dags/DAG_urbania.py
[2026-01-30T22:01:21.905+0000] {processor.py:840} INFO - DAG(s) 'xml_to_mysql_etl' retrieved from /opt/airflow/dags/DAG_urbania.py
[2026-01-30T22:01:21.951+0000] {logging_mixin.py:188} INFO - [2026-01-30T22:01:21.951+0000] {dag.py:3036} INFO - Sync 1 DAGs
[2026-01-30T22:01:21.970+0000] {logging_mixin.py:188} INFO - [2026-01-30T22:01:21.970+0000] {dag.py:3823} INFO - Setting next_dagrun for xml_to_mysql_etl to 2026-01-29 00:00:00+00:00, run_after=2026-01-30 00:00:00+00:00
[2026-01-30T22:01:21.991+0000] {processor.py:183} INFO - Processing /opt/airflow/dags/DAG_urbania.py took 0.110 seconds
[2026-01-30T22:01:53.839+0000] {processor.py:161} INFO - Started process (PID=820) to work on /opt/airflow/dags/DAG_urbania.py
[2026-01-30T22:01:53.840+0000] {processor.py:830} INFO - Processing file /opt/airflow/dags/DAG_urbania.py for tasks to queue
[2026-01-30T22:01:53.841+0000] {logging_mixin.py:188} INFO - [2026-01-30T22:01:53.841+0000] {dagbag.py:538} INFO - Filling up the DagBag from /opt/airflow/dags/DAG_urbania.py
[2026-01-30T22:01:53.862+0000] {processor.py:840} INFO - DAG(s) 'xml_to_mysql_etl' retrieved from /opt/airflow/dags/DAG_urbania.py
[2026-01-30T22:01:53.907+0000] {logging_mixin.py:188} INFO - [2026-01-30T22:01:53.907+0000] {dag.py:3036} INFO - Sync 1 DAGs
[2026-01-30T22:01:53.927+0000] {logging_mixin.py:188} INFO - [2026-01-30T22:01:53.927+0000] {dag.py:3823} INFO - Setting next_dagrun for xml_to_mysql_etl to 2026-01-29 00:00:00+00:00, run_after=2026-01-30 00:00:00+00:00
[2026-01-30T22:01:53.959+0000] {processor.py:183} INFO - Processing /opt/airflow/dags/DAG_urbania.py took 0.122 seconds
[2026-01-30T22:02:25.651+0000] {processor.py:161} INFO - Started process (PID=825) to work on /opt/airflow/dags/DAG_urbania.py
[2026-01-30T22:02:25.652+0000] {processor.py:830} INFO - Processing file /opt/airflow/dags/DAG_urbania.py for tasks to queue
[2026-01-30T22:02:25.653+0000] {logging_mixin.py:188} INFO - [2026-01-30T22:02:25.652+0000] {dagbag.py:538} INFO - Filling up the DagBag from /opt/airflow/dags/DAG_urbania.py
[2026-01-30T22:02:25.673+0000] {processor.py:840} INFO - DAG(s) 'xml_to_mysql_etl' retrieved from /opt/airflow/dags/DAG_urbania.py
[2026-01-30T22:02:25.723+0000] {logging_mixin.py:188} INFO - [2026-01-30T22:02:25.722+0000] {dag.py:3036} INFO - Sync 1 DAGs
[2026-01-30T22:02:25.743+0000] {logging_mixin.py:188} INFO - [2026-01-30T22:02:25.743+0000] {dag.py:3823} INFO - Setting next_dagrun for xml_to_mysql_etl to 2026-01-29 00:00:00+00:00, run_after=2026-01-30 00:00:00+00:00
[2026-01-30T22:02:25.766+0000] {processor.py:183} INFO - Processing /opt/airflow/dags/DAG_urbania.py took 0.118 seconds
[2026-01-30T22:02:57.622+0000] {processor.py:161} INFO - Started process (PID=830) to work on /opt/airflow/dags/DAG_urbania.py
[2026-01-30T22:02:57.623+0000] {processor.py:830} INFO - Processing file /opt/airflow/dags/DAG_urbania.py for tasks to queue
[2026-01-30T22:02:57.623+0000] {logging_mixin.py:188} INFO - [2026-01-30T22:02:57.623+0000] {dagbag.py:538} INFO - Filling up the DagBag from /opt/airflow/dags/DAG_urbania.py
[2026-01-30T22:02:57.640+0000] {processor.py:840} INFO - DAG(s) 'xml_to_mysql_etl' retrieved from /opt/airflow/dags/DAG_urbania.py
[2026-01-30T22:02:57.683+0000] {logging_mixin.py:188} INFO - [2026-01-30T22:02:57.683+0000] {dag.py:3036} INFO - Sync 1 DAGs
[2026-01-30T22:02:57.700+0000] {logging_mixin.py:188} INFO - [2026-01-30T22:02:57.700+0000] {dag.py:3823} INFO - Setting next_dagrun for xml_to_mysql_etl to 2026-01-29 00:00:00+00:00, run_after=2026-01-30 00:00:00+00:00
[2026-01-30T22:02:57.721+0000] {processor.py:183} INFO - Processing /opt/airflow/dags/DAG_urbania.py took 0.102 seconds
[2026-01-30T22:03:28.453+0000] {processor.py:161} INFO - Started process (PID=835) to work on /opt/airflow/dags/DAG_urbania.py
[2026-01-30T22:03:28.454+0000] {processor.py:830} INFO - Processing file /opt/airflow/dags/DAG_urbania.py for tasks to queue
[2026-01-30T22:03:28.455+0000] {logging_mixin.py:188} INFO - [2026-01-30T22:03:28.455+0000] {dagbag.py:538} INFO - Filling up the DagBag from /opt/airflow/dags/DAG_urbania.py
[2026-01-30T22:03:28.476+0000] {processor.py:840} INFO - DAG(s) 'xml_to_mysql_etl' retrieved from /opt/airflow/dags/DAG_urbania.py
[2026-01-30T22:03:28.520+0000] {logging_mixin.py:188} INFO - [2026-01-30T22:03:28.520+0000] {dag.py:3036} INFO - Sync 1 DAGs
[2026-01-30T22:03:28.537+0000] {logging_mixin.py:188} INFO - [2026-01-30T22:03:28.537+0000] {dag.py:3823} INFO - Setting next_dagrun for xml_to_mysql_etl to 2026-01-29 00:00:00+00:00, run_after=2026-01-30 00:00:00+00:00
[2026-01-30T22:03:28.557+0000] {processor.py:183} INFO - Processing /opt/airflow/dags/DAG_urbania.py took 0.106 seconds
[2026-01-30T22:04:00.378+0000] {processor.py:161} INFO - Started process (PID=840) to work on /opt/airflow/dags/DAG_urbania.py
[2026-01-30T22:04:00.379+0000] {processor.py:830} INFO - Processing file /opt/airflow/dags/DAG_urbania.py for tasks to queue
[2026-01-30T22:04:00.380+0000] {logging_mixin.py:188} INFO - [2026-01-30T22:04:00.380+0000] {dagbag.py:538} INFO - Filling up the DagBag from /opt/airflow/dags/DAG_urbania.py
[2026-01-30T22:04:00.399+0000] {processor.py:840} INFO - DAG(s) 'xml_to_mysql_etl' retrieved from /opt/airflow/dags/DAG_urbania.py
[2026-01-30T22:04:00.440+0000] {logging_mixin.py:188} INFO - [2026-01-30T22:04:00.440+0000] {dag.py:3036} INFO - Sync 1 DAGs
[2026-01-30T22:04:00.458+0000] {logging_mixin.py:188} INFO - [2026-01-30T22:04:00.458+0000] {dag.py:3823} INFO - Setting next_dagrun for xml_to_mysql_etl to 2026-01-29 00:00:00+00:00, run_after=2026-01-30 00:00:00+00:00
[2026-01-30T22:04:00.476+0000] {processor.py:183} INFO - Processing /opt/airflow/dags/DAG_urbania.py took 0.101 seconds
[2026-01-30T22:04:32.239+0000] {processor.py:161} INFO - Started process (PID=845) to work on /opt/airflow/dags/DAG_urbania.py
[2026-01-30T22:04:32.241+0000] {processor.py:830} INFO - Processing file /opt/airflow/dags/DAG_urbania.py for tasks to queue
[2026-01-30T22:04:32.242+0000] {logging_mixin.py:188} INFO - [2026-01-30T22:04:32.241+0000] {dagbag.py:538} INFO - Filling up the DagBag from /opt/airflow/dags/DAG_urbania.py
[2026-01-30T22:04:32.267+0000] {processor.py:840} INFO - DAG(s) 'xml_to_mysql_etl' retrieved from /opt/airflow/dags/DAG_urbania.py
[2026-01-30T22:04:32.320+0000] {logging_mixin.py:188} INFO - [2026-01-30T22:04:32.320+0000] {dag.py:3036} INFO - Sync 1 DAGs
[2026-01-30T22:04:32.339+0000] {logging_mixin.py:188} INFO - [2026-01-30T22:04:32.339+0000] {dag.py:3823} INFO - Setting next_dagrun for xml_to_mysql_etl to 2026-01-29 00:00:00+00:00, run_after=2026-01-30 00:00:00+00:00
[2026-01-30T22:04:32.367+0000] {processor.py:183} INFO - Processing /opt/airflow/dags/DAG_urbania.py took 0.132 seconds
[2026-01-30T22:05:04.168+0000] {processor.py:161} INFO - Started process (PID=850) to work on /opt/airflow/dags/DAG_urbania.py
[2026-01-30T22:05:04.169+0000] {processor.py:830} INFO - Processing file /opt/airflow/dags/DAG_urbania.py for tasks to queue
[2026-01-30T22:05:04.170+0000] {logging_mixin.py:188} INFO - [2026-01-30T22:05:04.170+0000] {dagbag.py:538} INFO - Filling up the DagBag from /opt/airflow/dags/DAG_urbania.py
[2026-01-30T22:05:04.189+0000] {processor.py:840} INFO - DAG(s) 'xml_to_mysql_etl' retrieved from /opt/airflow/dags/DAG_urbania.py
[2026-01-30T22:05:04.235+0000] {logging_mixin.py:188} INFO - [2026-01-30T22:05:04.235+0000] {dag.py:3036} INFO - Sync 1 DAGs
[2026-01-30T22:05:04.253+0000] {logging_mixin.py:188} INFO - [2026-01-30T22:05:04.253+0000] {dag.py:3823} INFO - Setting next_dagrun for xml_to_mysql_etl to 2026-01-29 00:00:00+00:00, run_after=2026-01-30 00:00:00+00:00
[2026-01-30T22:05:04.274+0000] {processor.py:183} INFO - Processing /opt/airflow/dags/DAG_urbania.py took 0.108 seconds
[2026-01-30T22:05:36.076+0000] {processor.py:161} INFO - Started process (PID=855) to work on /opt/airflow/dags/DAG_urbania.py
[2026-01-30T22:05:36.077+0000] {processor.py:830} INFO - Processing file /opt/airflow/dags/DAG_urbania.py for tasks to queue
[2026-01-30T22:05:36.078+0000] {logging_mixin.py:188} INFO - [2026-01-30T22:05:36.078+0000] {dagbag.py:538} INFO - Filling up the DagBag from /opt/airflow/dags/DAG_urbania.py
[2026-01-30T22:05:36.101+0000] {processor.py:840} INFO - DAG(s) 'xml_to_mysql_etl' retrieved from /opt/airflow/dags/DAG_urbania.py
[2026-01-30T22:05:36.147+0000] {logging_mixin.py:188} INFO - [2026-01-30T22:05:36.147+0000] {dag.py:3036} INFO - Sync 1 DAGs
[2026-01-30T22:05:36.166+0000] {logging_mixin.py:188} INFO - [2026-01-30T22:05:36.165+0000] {dag.py:3823} INFO - Setting next_dagrun for xml_to_mysql_etl to 2026-01-29 00:00:00+00:00, run_after=2026-01-30 00:00:00+00:00
[2026-01-30T22:05:36.184+0000] {processor.py:183} INFO - Processing /opt/airflow/dags/DAG_urbania.py took 0.111 seconds
[2026-01-30T22:06:07.033+0000] {processor.py:161} INFO - Started process (PID=860) to work on /opt/airflow/dags/DAG_urbania.py
[2026-01-30T22:06:07.034+0000] {processor.py:830} INFO - Processing file /opt/airflow/dags/DAG_urbania.py for tasks to queue
[2026-01-30T22:06:07.035+0000] {logging_mixin.py:188} INFO - [2026-01-30T22:06:07.035+0000] {dagbag.py:538} INFO - Filling up the DagBag from /opt/airflow/dags/DAG_urbania.py
[2026-01-30T22:06:07.053+0000] {processor.py:840} INFO - DAG(s) 'xml_to_mysql_etl' retrieved from /opt/airflow/dags/DAG_urbania.py
[2026-01-30T22:06:07.098+0000] {logging_mixin.py:188} INFO - [2026-01-30T22:06:07.097+0000] {dag.py:3036} INFO - Sync 1 DAGs
[2026-01-30T22:06:07.115+0000] {logging_mixin.py:188} INFO - [2026-01-30T22:06:07.115+0000] {dag.py:3823} INFO - Setting next_dagrun for xml_to_mysql_etl to 2026-01-29 00:00:00+00:00, run_after=2026-01-30 00:00:00+00:00
[2026-01-30T22:06:07.134+0000] {processor.py:183} INFO - Processing /opt/airflow/dags/DAG_urbania.py took 0.103 seconds
[2026-01-30T22:06:38.866+0000] {processor.py:161} INFO - Started process (PID=865) to work on /opt/airflow/dags/DAG_urbania.py
[2026-01-30T22:06:38.867+0000] {processor.py:830} INFO - Processing file /opt/airflow/dags/DAG_urbania.py for tasks to queue
[2026-01-30T22:06:38.868+0000] {logging_mixin.py:188} INFO - [2026-01-30T22:06:38.868+0000] {dagbag.py:538} INFO - Filling up the DagBag from /opt/airflow/dags/DAG_urbania.py
[2026-01-30T22:06:38.887+0000] {processor.py:840} INFO - DAG(s) 'xml_to_mysql_etl' retrieved from /opt/airflow/dags/DAG_urbania.py
[2026-01-30T22:06:38.932+0000] {logging_mixin.py:188} INFO - [2026-01-30T22:06:38.932+0000] {dag.py:3036} INFO - Sync 1 DAGs
[2026-01-30T22:06:38.950+0000] {logging_mixin.py:188} INFO - [2026-01-30T22:06:38.950+0000] {dag.py:3823} INFO - Setting next_dagrun for xml_to_mysql_etl to 2026-01-29 00:00:00+00:00, run_after=2026-01-30 00:00:00+00:00
[2026-01-30T22:06:38.981+0000] {processor.py:183} INFO - Processing /opt/airflow/dags/DAG_urbania.py took 0.118 seconds
[2026-01-30T22:07:10.847+0000] {processor.py:161} INFO - Started process (PID=870) to work on /opt/airflow/dags/DAG_urbania.py
[2026-01-30T22:07:10.848+0000] {processor.py:830} INFO - Processing file /opt/airflow/dags/DAG_urbania.py for tasks to queue
[2026-01-30T22:07:10.848+0000] {logging_mixin.py:188} INFO - [2026-01-30T22:07:10.848+0000] {dagbag.py:538} INFO - Filling up the DagBag from /opt/airflow/dags/DAG_urbania.py
[2026-01-30T22:07:10.868+0000] {processor.py:840} INFO - DAG(s) 'xml_to_mysql_etl' retrieved from /opt/airflow/dags/DAG_urbania.py
[2026-01-30T22:07:10.913+0000] {logging_mixin.py:188} INFO - [2026-01-30T22:07:10.913+0000] {dag.py:3036} INFO - Sync 1 DAGs
[2026-01-30T22:07:10.932+0000] {logging_mixin.py:188} INFO - [2026-01-30T22:07:10.932+0000] {dag.py:3823} INFO - Setting next_dagrun for xml_to_mysql_etl to 2026-01-29 00:00:00+00:00, run_after=2026-01-30 00:00:00+00:00
[2026-01-30T22:07:10.952+0000] {processor.py:183} INFO - Processing /opt/airflow/dags/DAG_urbania.py took 0.108 seconds
[2026-01-30T22:07:42.674+0000] {processor.py:161} INFO - Started process (PID=875) to work on /opt/airflow/dags/DAG_urbania.py
[2026-01-30T22:07:42.675+0000] {processor.py:830} INFO - Processing file /opt/airflow/dags/DAG_urbania.py for tasks to queue
[2026-01-30T22:07:42.676+0000] {logging_mixin.py:188} INFO - [2026-01-30T22:07:42.675+0000] {dagbag.py:538} INFO - Filling up the DagBag from /opt/airflow/dags/DAG_urbania.py
[2026-01-30T22:07:42.694+0000] {processor.py:840} INFO - DAG(s) 'xml_to_mysql_etl' retrieved from /opt/airflow/dags/DAG_urbania.py
[2026-01-30T22:07:42.739+0000] {logging_mixin.py:188} INFO - [2026-01-30T22:07:42.739+0000] {dag.py:3036} INFO - Sync 1 DAGs
[2026-01-30T22:07:42.758+0000] {logging_mixin.py:188} INFO - [2026-01-30T22:07:42.758+0000] {dag.py:3823} INFO - Setting next_dagrun for xml_to_mysql_etl to 2026-01-29 00:00:00+00:00, run_after=2026-01-30 00:00:00+00:00
[2026-01-30T22:07:42.785+0000] {processor.py:183} INFO - Processing /opt/airflow/dags/DAG_urbania.py took 0.115 seconds
[2026-01-30T22:08:14.694+0000] {processor.py:161} INFO - Started process (PID=880) to work on /opt/airflow/dags/DAG_urbania.py
[2026-01-30T22:08:14.696+0000] {processor.py:830} INFO - Processing file /opt/airflow/dags/DAG_urbania.py for tasks to queue
[2026-01-30T22:08:14.697+0000] {logging_mixin.py:188} INFO - [2026-01-30T22:08:14.697+0000] {dagbag.py:538} INFO - Filling up the DagBag from /opt/airflow/dags/DAG_urbania.py
[2026-01-30T22:08:14.729+0000] {processor.py:840} INFO - DAG(s) 'xml_to_mysql_etl' retrieved from /opt/airflow/dags/DAG_urbania.py
[2026-01-30T22:08:14.804+0000] {logging_mixin.py:188} INFO - [2026-01-30T22:08:14.804+0000] {dag.py:3036} INFO - Sync 1 DAGs
[2026-01-30T22:08:14.831+0000] {logging_mixin.py:188} INFO - [2026-01-30T22:08:14.831+0000] {dag.py:3823} INFO - Setting next_dagrun for xml_to_mysql_etl to 2026-01-29 00:00:00+00:00, run_after=2026-01-30 00:00:00+00:00
[2026-01-30T22:08:14.858+0000] {processor.py:183} INFO - Processing /opt/airflow/dags/DAG_urbania.py took 0.170 seconds
[2026-01-30T22:08:45.706+0000] {processor.py:161} INFO - Started process (PID=885) to work on /opt/airflow/dags/DAG_urbania.py
[2026-01-30T22:08:45.707+0000] {processor.py:830} INFO - Processing file /opt/airflow/dags/DAG_urbania.py for tasks to queue
[2026-01-30T22:08:45.708+0000] {logging_mixin.py:188} INFO - [2026-01-30T22:08:45.707+0000] {dagbag.py:538} INFO - Filling up the DagBag from /opt/airflow/dags/DAG_urbania.py
[2026-01-30T22:08:45.729+0000] {processor.py:840} INFO - DAG(s) 'xml_to_mysql_etl' retrieved from /opt/airflow/dags/DAG_urbania.py
[2026-01-30T22:08:45.776+0000] {logging_mixin.py:188} INFO - [2026-01-30T22:08:45.776+0000] {dag.py:3036} INFO - Sync 1 DAGs
[2026-01-30T22:08:45.796+0000] {logging_mixin.py:188} INFO - [2026-01-30T22:08:45.796+0000] {dag.py:3823} INFO - Setting next_dagrun for xml_to_mysql_etl to 2026-01-29 00:00:00+00:00, run_after=2026-01-30 00:00:00+00:00
[2026-01-30T22:08:45.817+0000] {processor.py:183} INFO - Processing /opt/airflow/dags/DAG_urbania.py took 0.114 seconds
[2026-01-30T22:09:17.614+0000] {processor.py:161} INFO - Started process (PID=890) to work on /opt/airflow/dags/DAG_urbania.py
[2026-01-30T22:09:17.615+0000] {processor.py:830} INFO - Processing file /opt/airflow/dags/DAG_urbania.py for tasks to queue
[2026-01-30T22:09:17.615+0000] {logging_mixin.py:188} INFO - [2026-01-30T22:09:17.615+0000] {dagbag.py:538} INFO - Filling up the DagBag from /opt/airflow/dags/DAG_urbania.py
[2026-01-30T22:09:17.649+0000] {processor.py:840} INFO - DAG(s) 'xml_to_mysql_etl' retrieved from /opt/airflow/dags/DAG_urbania.py
[2026-01-30T22:09:17.701+0000] {logging_mixin.py:188} INFO - [2026-01-30T22:09:17.701+0000] {dag.py:3036} INFO - Sync 1 DAGs
[2026-01-30T22:09:17.721+0000] {logging_mixin.py:188} INFO - [2026-01-30T22:09:17.721+0000] {dag.py:3823} INFO - Setting next_dagrun for xml_to_mysql_etl to 2026-01-29 00:00:00+00:00, run_after=2026-01-30 00:00:00+00:00
[2026-01-30T22:09:17.742+0000] {processor.py:183} INFO - Processing /opt/airflow/dags/DAG_urbania.py took 0.132 seconds
[2026-01-30T22:09:49.564+0000] {processor.py:161} INFO - Started process (PID=895) to work on /opt/airflow/dags/DAG_urbania.py
[2026-01-30T22:09:49.565+0000] {processor.py:830} INFO - Processing file /opt/airflow/dags/DAG_urbania.py for tasks to queue
[2026-01-30T22:09:49.566+0000] {logging_mixin.py:188} INFO - [2026-01-30T22:09:49.566+0000] {dagbag.py:538} INFO - Filling up the DagBag from /opt/airflow/dags/DAG_urbania.py
[2026-01-30T22:09:49.587+0000] {processor.py:840} INFO - DAG(s) 'xml_to_mysql_etl' retrieved from /opt/airflow/dags/DAG_urbania.py
[2026-01-30T22:09:49.634+0000] {logging_mixin.py:188} INFO - [2026-01-30T22:09:49.634+0000] {dag.py:3036} INFO - Sync 1 DAGs
[2026-01-30T22:09:49.658+0000] {logging_mixin.py:188} INFO - [2026-01-30T22:09:49.658+0000] {dag.py:3823} INFO - Setting next_dagrun for xml_to_mysql_etl to 2026-01-29 00:00:00+00:00, run_after=2026-01-30 00:00:00+00:00
[2026-01-30T22:09:49.693+0000] {processor.py:183} INFO - Processing /opt/airflow/dags/DAG_urbania.py took 0.132 seconds
[2026-01-30T22:10:21.471+0000] {processor.py:161} INFO - Started process (PID=900) to work on /opt/airflow/dags/DAG_urbania.py
[2026-01-30T22:10:21.472+0000] {processor.py:830} INFO - Processing file /opt/airflow/dags/DAG_urbania.py for tasks to queue
[2026-01-30T22:10:21.473+0000] {logging_mixin.py:188} INFO - [2026-01-30T22:10:21.473+0000] {dagbag.py:538} INFO - Filling up the DagBag from /opt/airflow/dags/DAG_urbania.py
[2026-01-30T22:10:21.492+0000] {processor.py:840} INFO - DAG(s) 'xml_to_mysql_etl' retrieved from /opt/airflow/dags/DAG_urbania.py
[2026-01-30T22:10:21.535+0000] {logging_mixin.py:188} INFO - [2026-01-30T22:10:21.534+0000] {dag.py:3036} INFO - Sync 1 DAGs
[2026-01-30T22:10:21.555+0000] {logging_mixin.py:188} INFO - [2026-01-30T22:10:21.554+0000] {dag.py:3823} INFO - Setting next_dagrun for xml_to_mysql_etl to 2026-01-29 00:00:00+00:00, run_after=2026-01-30 00:00:00+00:00
[2026-01-30T22:10:21.578+0000] {processor.py:183} INFO - Processing /opt/airflow/dags/DAG_urbania.py took 0.110 seconds
[2026-01-30T22:10:53.416+0000] {processor.py:161} INFO - Started process (PID=905) to work on /opt/airflow/dags/DAG_urbania.py
[2026-01-30T22:10:53.417+0000] {processor.py:830} INFO - Processing file /opt/airflow/dags/DAG_urbania.py for tasks to queue
[2026-01-30T22:10:53.418+0000] {logging_mixin.py:188} INFO - [2026-01-30T22:10:53.418+0000] {dagbag.py:538} INFO - Filling up the DagBag from /opt/airflow/dags/DAG_urbania.py
[2026-01-30T22:10:53.437+0000] {processor.py:840} INFO - DAG(s) 'xml_to_mysql_etl' retrieved from /opt/airflow/dags/DAG_urbania.py
[2026-01-30T22:10:53.478+0000] {logging_mixin.py:188} INFO - [2026-01-30T22:10:53.478+0000] {dag.py:3036} INFO - Sync 1 DAGs
[2026-01-30T22:10:53.501+0000] {logging_mixin.py:188} INFO - [2026-01-30T22:10:53.501+0000] {dag.py:3823} INFO - Setting next_dagrun for xml_to_mysql_etl to 2026-01-29 00:00:00+00:00, run_after=2026-01-30 00:00:00+00:00
[2026-01-30T22:10:53.525+0000] {processor.py:183} INFO - Processing /opt/airflow/dags/DAG_urbania.py took 0.112 seconds
[2026-01-30T22:11:24.307+0000] {processor.py:161} INFO - Started process (PID=910) to work on /opt/airflow/dags/DAG_urbania.py
[2026-01-30T22:11:24.308+0000] {processor.py:830} INFO - Processing file /opt/airflow/dags/DAG_urbania.py for tasks to queue
[2026-01-30T22:11:24.309+0000] {logging_mixin.py:188} INFO - [2026-01-30T22:11:24.309+0000] {dagbag.py:538} INFO - Filling up the DagBag from /opt/airflow/dags/DAG_urbania.py
[2026-01-30T22:11:24.329+0000] {processor.py:840} INFO - DAG(s) 'xml_to_mysql_etl' retrieved from /opt/airflow/dags/DAG_urbania.py
[2026-01-30T22:11:24.371+0000] {logging_mixin.py:188} INFO - [2026-01-30T22:11:24.371+0000] {dag.py:3036} INFO - Sync 1 DAGs
[2026-01-30T22:11:24.387+0000] {logging_mixin.py:188} INFO - [2026-01-30T22:11:24.386+0000] {dag.py:3823} INFO - Setting next_dagrun for xml_to_mysql_etl to 2026-01-29 00:00:00+00:00, run_after=2026-01-30 00:00:00+00:00
[2026-01-30T22:11:24.407+0000] {processor.py:183} INFO - Processing /opt/airflow/dags/DAG_urbania.py took 0.103 seconds
[2026-01-30T22:11:56.271+0000] {processor.py:161} INFO - Started process (PID=915) to work on /opt/airflow/dags/DAG_urbania.py
[2026-01-30T22:11:56.272+0000] {processor.py:830} INFO - Processing file /opt/airflow/dags/DAG_urbania.py for tasks to queue
[2026-01-30T22:11:56.273+0000] {logging_mixin.py:188} INFO - [2026-01-30T22:11:56.273+0000] {dagbag.py:538} INFO - Filling up the DagBag from /opt/airflow/dags/DAG_urbania.py
[2026-01-30T22:11:56.291+0000] {processor.py:840} INFO - DAG(s) 'xml_to_mysql_etl' retrieved from /opt/airflow/dags/DAG_urbania.py
[2026-01-30T22:11:56.331+0000] {logging_mixin.py:188} INFO - [2026-01-30T22:11:56.331+0000] {dag.py:3036} INFO - Sync 1 DAGs
[2026-01-30T22:11:56.347+0000] {logging_mixin.py:188} INFO - [2026-01-30T22:11:56.347+0000] {dag.py:3823} INFO - Setting next_dagrun for xml_to_mysql_etl to 2026-01-29 00:00:00+00:00, run_after=2026-01-30 00:00:00+00:00
[2026-01-30T22:11:56.369+0000] {processor.py:183} INFO - Processing /opt/airflow/dags/DAG_urbania.py took 0.100 seconds
[2026-01-30T22:12:28.154+0000] {processor.py:161} INFO - Started process (PID=920) to work on /opt/airflow/dags/DAG_urbania.py
[2026-01-30T22:12:28.155+0000] {processor.py:830} INFO - Processing file /opt/airflow/dags/DAG_urbania.py for tasks to queue
[2026-01-30T22:12:28.156+0000] {logging_mixin.py:188} INFO - [2026-01-30T22:12:28.155+0000] {dagbag.py:538} INFO - Filling up the DagBag from /opt/airflow/dags/DAG_urbania.py
[2026-01-30T22:12:28.174+0000] {processor.py:840} INFO - DAG(s) 'xml_to_mysql_etl' retrieved from /opt/airflow/dags/DAG_urbania.py
[2026-01-30T22:12:28.216+0000] {logging_mixin.py:188} INFO - [2026-01-30T22:12:28.215+0000] {dag.py:3036} INFO - Sync 1 DAGs
[2026-01-30T22:12:28.232+0000] {logging_mixin.py:188} INFO - [2026-01-30T22:12:28.231+0000] {dag.py:3823} INFO - Setting next_dagrun for xml_to_mysql_etl to 2026-01-29 00:00:00+00:00, run_after=2026-01-30 00:00:00+00:00
[2026-01-30T22:12:28.251+0000] {processor.py:183} INFO - Processing /opt/airflow/dags/DAG_urbania.py took 0.100 seconds
[2026-01-30T22:13:00.105+0000] {processor.py:161} INFO - Started process (PID=925) to work on /opt/airflow/dags/DAG_urbania.py
[2026-01-30T22:13:00.106+0000] {processor.py:830} INFO - Processing file /opt/airflow/dags/DAG_urbania.py for tasks to queue
[2026-01-30T22:13:00.106+0000] {logging_mixin.py:188} INFO - [2026-01-30T22:13:00.106+0000] {dagbag.py:538} INFO - Filling up the DagBag from /opt/airflow/dags/DAG_urbania.py
[2026-01-30T22:13:00.124+0000] {processor.py:840} INFO - DAG(s) 'xml_to_mysql_etl' retrieved from /opt/airflow/dags/DAG_urbania.py
[2026-01-30T22:13:00.166+0000] {logging_mixin.py:188} INFO - [2026-01-30T22:13:00.166+0000] {dag.py:3036} INFO - Sync 1 DAGs
[2026-01-30T22:13:00.182+0000] {logging_mixin.py:188} INFO - [2026-01-30T22:13:00.182+0000] {dag.py:3823} INFO - Setting next_dagrun for xml_to_mysql_etl to 2026-01-29 00:00:00+00:00, run_after=2026-01-30 00:00:00+00:00
[2026-01-30T22:13:00.203+0000] {processor.py:183} INFO - Processing /opt/airflow/dags/DAG_urbania.py took 0.101 seconds
[2026-01-30T22:13:31.987+0000] {processor.py:161} INFO - Started process (PID=930) to work on /opt/airflow/dags/DAG_urbania.py
[2026-01-30T22:13:31.988+0000] {processor.py:830} INFO - Processing file /opt/airflow/dags/DAG_urbania.py for tasks to queue
[2026-01-30T22:13:31.989+0000] {logging_mixin.py:188} INFO - [2026-01-30T22:13:31.989+0000] {dagbag.py:538} INFO - Filling up the DagBag from /opt/airflow/dags/DAG_urbania.py
[2026-01-30T22:13:32.007+0000] {processor.py:840} INFO - DAG(s) 'xml_to_mysql_etl' retrieved from /opt/airflow/dags/DAG_urbania.py
[2026-01-30T22:13:32.049+0000] {logging_mixin.py:188} INFO - [2026-01-30T22:13:32.049+0000] {dag.py:3036} INFO - Sync 1 DAGs
[2026-01-30T22:13:32.065+0000] {logging_mixin.py:188} INFO - [2026-01-30T22:13:32.065+0000] {dag.py:3823} INFO - Setting next_dagrun for xml_to_mysql_etl to 2026-01-29 00:00:00+00:00, run_after=2026-01-30 00:00:00+00:00
[2026-01-30T22:13:32.087+0000] {processor.py:183} INFO - Processing /opt/airflow/dags/DAG_urbania.py took 0.103 seconds
[2026-01-30T22:14:02.961+0000] {processor.py:161} INFO - Started process (PID=935) to work on /opt/airflow/dags/DAG_urbania.py
[2026-01-30T22:14:02.962+0000] {processor.py:830} INFO - Processing file /opt/airflow/dags/DAG_urbania.py for tasks to queue
[2026-01-30T22:14:02.963+0000] {logging_mixin.py:188} INFO - [2026-01-30T22:14:02.962+0000] {dagbag.py:538} INFO - Filling up the DagBag from /opt/airflow/dags/DAG_urbania.py
[2026-01-30T22:14:02.981+0000] {processor.py:840} INFO - DAG(s) 'xml_to_mysql_etl' retrieved from /opt/airflow/dags/DAG_urbania.py
[2026-01-30T22:14:03.021+0000] {logging_mixin.py:188} INFO - [2026-01-30T22:14:03.021+0000] {dag.py:3036} INFO - Sync 1 DAGs
[2026-01-30T22:14:03.039+0000] {logging_mixin.py:188} INFO - [2026-01-30T22:14:03.038+0000] {dag.py:3823} INFO - Setting next_dagrun for xml_to_mysql_etl to 2026-01-29 00:00:00+00:00, run_after=2026-01-30 00:00:00+00:00
[2026-01-30T22:14:03.067+0000] {processor.py:183} INFO - Processing /opt/airflow/dags/DAG_urbania.py took 0.108 seconds
[2026-01-30T22:14:34.887+0000] {processor.py:161} INFO - Started process (PID=940) to work on /opt/airflow/dags/DAG_urbania.py
[2026-01-30T22:14:34.888+0000] {processor.py:830} INFO - Processing file /opt/airflow/dags/DAG_urbania.py for tasks to queue
[2026-01-30T22:14:34.889+0000] {logging_mixin.py:188} INFO - [2026-01-30T22:14:34.889+0000] {dagbag.py:538} INFO - Filling up the DagBag from /opt/airflow/dags/DAG_urbania.py
[2026-01-30T22:14:34.909+0000] {processor.py:840} INFO - DAG(s) 'xml_to_mysql_etl' retrieved from /opt/airflow/dags/DAG_urbania.py
[2026-01-30T22:14:34.965+0000] {logging_mixin.py:188} INFO - [2026-01-30T22:14:34.964+0000] {dag.py:3036} INFO - Sync 1 DAGs
[2026-01-30T22:14:34.984+0000] {logging_mixin.py:188} INFO - [2026-01-30T22:14:34.984+0000] {dag.py:3823} INFO - Setting next_dagrun for xml_to_mysql_etl to 2026-01-29 00:00:00+00:00, run_after=2026-01-30 00:00:00+00:00
[2026-01-30T22:14:35.014+0000] {processor.py:183} INFO - Processing /opt/airflow/dags/DAG_urbania.py took 0.131 seconds
[2026-01-30T22:15:06.823+0000] {processor.py:161} INFO - Started process (PID=945) to work on /opt/airflow/dags/DAG_urbania.py
[2026-01-30T22:15:06.824+0000] {processor.py:830} INFO - Processing file /opt/airflow/dags/DAG_urbania.py for tasks to queue
[2026-01-30T22:15:06.825+0000] {logging_mixin.py:188} INFO - [2026-01-30T22:15:06.825+0000] {dagbag.py:538} INFO - Filling up the DagBag from /opt/airflow/dags/DAG_urbania.py
[2026-01-30T22:15:06.844+0000] {processor.py:840} INFO - DAG(s) 'xml_to_mysql_etl' retrieved from /opt/airflow/dags/DAG_urbania.py
[2026-01-30T22:15:06.886+0000] {logging_mixin.py:188} INFO - [2026-01-30T22:15:06.886+0000] {dag.py:3036} INFO - Sync 1 DAGs
[2026-01-30T22:15:06.903+0000] {logging_mixin.py:188} INFO - [2026-01-30T22:15:06.903+0000] {dag.py:3823} INFO - Setting next_dagrun for xml_to_mysql_etl to 2026-01-29 00:00:00+00:00, run_after=2026-01-30 00:00:00+00:00
[2026-01-30T22:15:06.923+0000] {processor.py:183} INFO - Processing /opt/airflow/dags/DAG_urbania.py took 0.103 seconds
[2026-01-30T22:15:38.810+0000] {processor.py:161} INFO - Started process (PID=950) to work on /opt/airflow/dags/DAG_urbania.py
[2026-01-30T22:15:38.811+0000] {processor.py:830} INFO - Processing file /opt/airflow/dags/DAG_urbania.py for tasks to queue
[2026-01-30T22:15:38.812+0000] {logging_mixin.py:188} INFO - [2026-01-30T22:15:38.812+0000] {dagbag.py:538} INFO - Filling up the DagBag from /opt/airflow/dags/DAG_urbania.py
[2026-01-30T22:15:38.833+0000] {processor.py:840} INFO - DAG(s) 'xml_to_mysql_etl' retrieved from /opt/airflow/dags/DAG_urbania.py
[2026-01-30T22:15:38.875+0000] {logging_mixin.py:188} INFO - [2026-01-30T22:15:38.875+0000] {dag.py:3036} INFO - Sync 1 DAGs
[2026-01-30T22:15:38.895+0000] {logging_mixin.py:188} INFO - [2026-01-30T22:15:38.895+0000] {dag.py:3823} INFO - Setting next_dagrun for xml_to_mysql_etl to 2026-01-29 00:00:00+00:00, run_after=2026-01-30 00:00:00+00:00
[2026-01-30T22:15:38.923+0000] {processor.py:183} INFO - Processing /opt/airflow/dags/DAG_urbania.py took 0.116 seconds
[2026-01-30T22:16:10.718+0000] {processor.py:161} INFO - Started process (PID=955) to work on /opt/airflow/dags/DAG_urbania.py
[2026-01-30T22:16:10.719+0000] {processor.py:830} INFO - Processing file /opt/airflow/dags/DAG_urbania.py for tasks to queue
[2026-01-30T22:16:10.720+0000] {logging_mixin.py:188} INFO - [2026-01-30T22:16:10.720+0000] {dagbag.py:538} INFO - Filling up the DagBag from /opt/airflow/dags/DAG_urbania.py
[2026-01-30T22:16:10.739+0000] {processor.py:840} INFO - DAG(s) 'xml_to_mysql_etl' retrieved from /opt/airflow/dags/DAG_urbania.py
[2026-01-30T22:16:10.791+0000] {logging_mixin.py:188} INFO - [2026-01-30T22:16:10.791+0000] {dag.py:3036} INFO - Sync 1 DAGs
[2026-01-30T22:16:10.811+0000] {logging_mixin.py:188} INFO - [2026-01-30T22:16:10.811+0000] {dag.py:3823} INFO - Setting next_dagrun for xml_to_mysql_etl to 2026-01-29 00:00:00+00:00, run_after=2026-01-30 00:00:00+00:00
[2026-01-30T22:16:10.831+0000] {processor.py:183} INFO - Processing /opt/airflow/dags/DAG_urbania.py took 0.116 seconds
[2026-01-30T22:16:41.679+0000] {processor.py:161} INFO - Started process (PID=960) to work on /opt/airflow/dags/DAG_urbania.py
[2026-01-30T22:16:41.680+0000] {processor.py:830} INFO - Processing file /opt/airflow/dags/DAG_urbania.py for tasks to queue
[2026-01-30T22:16:41.681+0000] {logging_mixin.py:188} INFO - [2026-01-30T22:16:41.681+0000] {dagbag.py:538} INFO - Filling up the DagBag from /opt/airflow/dags/DAG_urbania.py
[2026-01-30T22:16:41.700+0000] {processor.py:840} INFO - DAG(s) 'xml_to_mysql_etl' retrieved from /opt/airflow/dags/DAG_urbania.py
[2026-01-30T22:16:41.740+0000] {logging_mixin.py:188} INFO - [2026-01-30T22:16:41.740+0000] {dag.py:3036} INFO - Sync 1 DAGs
[2026-01-30T22:16:41.759+0000] {logging_mixin.py:188} INFO - [2026-01-30T22:16:41.759+0000] {dag.py:3823} INFO - Setting next_dagrun for xml_to_mysql_etl to 2026-01-29 00:00:00+00:00, run_after=2026-01-30 00:00:00+00:00
[2026-01-30T22:16:41.777+0000] {processor.py:183} INFO - Processing /opt/airflow/dags/DAG_urbania.py took 0.101 seconds
[2026-01-30T22:17:13.668+0000] {processor.py:161} INFO - Started process (PID=965) to work on /opt/airflow/dags/DAG_urbania.py
[2026-01-30T22:17:13.669+0000] {processor.py:830} INFO - Processing file /opt/airflow/dags/DAG_urbania.py for tasks to queue
[2026-01-30T22:17:13.670+0000] {logging_mixin.py:188} INFO - [2026-01-30T22:17:13.670+0000] {dagbag.py:538} INFO - Filling up the DagBag from /opt/airflow/dags/DAG_urbania.py
[2026-01-30T22:17:13.689+0000] {processor.py:840} INFO - DAG(s) 'xml_to_mysql_etl' retrieved from /opt/airflow/dags/DAG_urbania.py
[2026-01-30T22:17:13.732+0000] {logging_mixin.py:188} INFO - [2026-01-30T22:17:13.732+0000] {dag.py:3036} INFO - Sync 1 DAGs
[2026-01-30T22:17:13.751+0000] {logging_mixin.py:188} INFO - [2026-01-30T22:17:13.751+0000] {dag.py:3823} INFO - Setting next_dagrun for xml_to_mysql_etl to 2026-01-29 00:00:00+00:00, run_after=2026-01-30 00:00:00+00:00
[2026-01-30T22:17:13.771+0000] {processor.py:183} INFO - Processing /opt/airflow/dags/DAG_urbania.py took 0.106 seconds
[2026-01-30T22:17:45.656+0000] {processor.py:161} INFO - Started process (PID=970) to work on /opt/airflow/dags/DAG_urbania.py
[2026-01-30T22:17:45.657+0000] {processor.py:830} INFO - Processing file /opt/airflow/dags/DAG_urbania.py for tasks to queue
[2026-01-30T22:17:45.658+0000] {logging_mixin.py:188} INFO - [2026-01-30T22:17:45.658+0000] {dagbag.py:538} INFO - Filling up the DagBag from /opt/airflow/dags/DAG_urbania.py
[2026-01-30T22:17:45.680+0000] {processor.py:840} INFO - DAG(s) 'xml_to_mysql_etl' retrieved from /opt/airflow/dags/DAG_urbania.py
[2026-01-30T22:17:45.721+0000] {logging_mixin.py:188} INFO - [2026-01-30T22:17:45.721+0000] {dag.py:3036} INFO - Sync 1 DAGs
[2026-01-30T22:17:45.739+0000] {logging_mixin.py:188} INFO - [2026-01-30T22:17:45.739+0000] {dag.py:3823} INFO - Setting next_dagrun for xml_to_mysql_etl to 2026-01-29 00:00:00+00:00, run_after=2026-01-30 00:00:00+00:00
[2026-01-30T22:17:45.767+0000] {processor.py:183} INFO - Processing /opt/airflow/dags/DAG_urbania.py took 0.115 seconds
[2026-01-30T22:18:17.550+0000] {processor.py:161} INFO - Started process (PID=975) to work on /opt/airflow/dags/DAG_urbania.py
[2026-01-30T22:18:17.551+0000] {processor.py:830} INFO - Processing file /opt/airflow/dags/DAG_urbania.py for tasks to queue
[2026-01-30T22:18:17.553+0000] {logging_mixin.py:188} INFO - [2026-01-30T22:18:17.552+0000] {dagbag.py:538} INFO - Filling up the DagBag from /opt/airflow/dags/DAG_urbania.py
[2026-01-30T22:18:17.571+0000] {processor.py:840} INFO - DAG(s) 'xml_to_mysql_etl' retrieved from /opt/airflow/dags/DAG_urbania.py
[2026-01-30T22:18:17.616+0000] {logging_mixin.py:188} INFO - [2026-01-30T22:18:17.616+0000] {dag.py:3036} INFO - Sync 1 DAGs
[2026-01-30T22:18:17.634+0000] {logging_mixin.py:188} INFO - [2026-01-30T22:18:17.634+0000] {dag.py:3823} INFO - Setting next_dagrun for xml_to_mysql_etl to 2026-01-29 00:00:00+00:00, run_after=2026-01-30 00:00:00+00:00
[2026-01-30T22:18:17.653+0000] {processor.py:183} INFO - Processing /opt/airflow/dags/DAG_urbania.py took 0.106 seconds
[2026-01-30T22:18:49.537+0000] {processor.py:161} INFO - Started process (PID=980) to work on /opt/airflow/dags/DAG_urbania.py
[2026-01-30T22:18:49.538+0000] {processor.py:830} INFO - Processing file /opt/airflow/dags/DAG_urbania.py for tasks to queue
[2026-01-30T22:18:49.539+0000] {logging_mixin.py:188} INFO - [2026-01-30T22:18:49.539+0000] {dagbag.py:538} INFO - Filling up the DagBag from /opt/airflow/dags/DAG_urbania.py
[2026-01-30T22:18:49.561+0000] {processor.py:840} INFO - DAG(s) 'xml_to_mysql_etl' retrieved from /opt/airflow/dags/DAG_urbania.py
[2026-01-30T22:18:49.607+0000] {logging_mixin.py:188} INFO - [2026-01-30T22:18:49.607+0000] {dag.py:3036} INFO - Sync 1 DAGs
[2026-01-30T22:18:49.627+0000] {logging_mixin.py:188} INFO - [2026-01-30T22:18:49.627+0000] {dag.py:3823} INFO - Setting next_dagrun for xml_to_mysql_etl to 2026-01-29 00:00:00+00:00, run_after=2026-01-30 00:00:00+00:00
[2026-01-30T22:18:49.647+0000] {processor.py:183} INFO - Processing /opt/airflow/dags/DAG_urbania.py took 0.113 seconds
[2026-01-30T22:19:20.589+0000] {processor.py:161} INFO - Started process (PID=985) to work on /opt/airflow/dags/DAG_urbania.py
[2026-01-30T22:19:20.590+0000] {processor.py:830} INFO - Processing file /opt/airflow/dags/DAG_urbania.py for tasks to queue
[2026-01-30T22:19:20.591+0000] {logging_mixin.py:188} INFO - [2026-01-30T22:19:20.590+0000] {dagbag.py:538} INFO - Filling up the DagBag from /opt/airflow/dags/DAG_urbania.py
[2026-01-30T22:19:20.611+0000] {processor.py:840} INFO - DAG(s) 'xml_to_mysql_etl' retrieved from /opt/airflow/dags/DAG_urbania.py
[2026-01-30T22:19:20.665+0000] {logging_mixin.py:188} INFO - [2026-01-30T22:19:20.665+0000] {dag.py:3036} INFO - Sync 1 DAGs
[2026-01-30T22:19:20.684+0000] {logging_mixin.py:188} INFO - [2026-01-30T22:19:20.684+0000] {dag.py:3823} INFO - Setting next_dagrun for xml_to_mysql_etl to 2026-01-29 00:00:00+00:00, run_after=2026-01-30 00:00:00+00:00
[2026-01-30T22:19:20.715+0000] {processor.py:183} INFO - Processing /opt/airflow/dags/DAG_urbania.py took 0.129 seconds
[2026-01-30T22:19:52.521+0000] {processor.py:161} INFO - Started process (PID=990) to work on /opt/airflow/dags/DAG_urbania.py
[2026-01-30T22:19:52.522+0000] {processor.py:830} INFO - Processing file /opt/airflow/dags/DAG_urbania.py for tasks to queue
[2026-01-30T22:19:52.522+0000] {logging_mixin.py:188} INFO - [2026-01-30T22:19:52.522+0000] {dagbag.py:538} INFO - Filling up the DagBag from /opt/airflow/dags/DAG_urbania.py
[2026-01-30T22:19:52.541+0000] {processor.py:840} INFO - DAG(s) 'xml_to_mysql_etl' retrieved from /opt/airflow/dags/DAG_urbania.py
[2026-01-30T22:19:52.589+0000] {logging_mixin.py:188} INFO - [2026-01-30T22:19:52.589+0000] {dag.py:3036} INFO - Sync 1 DAGs
[2026-01-30T22:19:52.609+0000] {logging_mixin.py:188} INFO - [2026-01-30T22:19:52.609+0000] {dag.py:3823} INFO - Setting next_dagrun for xml_to_mysql_etl to 2026-01-29 00:00:00+00:00, run_after=2026-01-30 00:00:00+00:00
[2026-01-30T22:19:52.632+0000] {processor.py:183} INFO - Processing /opt/airflow/dags/DAG_urbania.py took 0.114 seconds
[2026-01-30T22:20:24.536+0000] {processor.py:161} INFO - Started process (PID=995) to work on /opt/airflow/dags/DAG_urbania.py
[2026-01-30T22:20:24.537+0000] {processor.py:830} INFO - Processing file /opt/airflow/dags/DAG_urbania.py for tasks to queue
[2026-01-30T22:20:24.538+0000] {logging_mixin.py:188} INFO - [2026-01-30T22:20:24.537+0000] {dagbag.py:538} INFO - Filling up the DagBag from /opt/airflow/dags/DAG_urbania.py
[2026-01-30T22:20:24.556+0000] {processor.py:840} INFO - DAG(s) 'xml_to_mysql_etl' retrieved from /opt/airflow/dags/DAG_urbania.py
[2026-01-30T22:20:24.600+0000] {logging_mixin.py:188} INFO - [2026-01-30T22:20:24.600+0000] {dag.py:3036} INFO - Sync 1 DAGs
[2026-01-30T22:20:24.618+0000] {logging_mixin.py:188} INFO - [2026-01-30T22:20:24.617+0000] {dag.py:3823} INFO - Setting next_dagrun for xml_to_mysql_etl to 2026-01-29 00:00:00+00:00, run_after=2026-01-30 00:00:00+00:00
[2026-01-30T22:20:24.646+0000] {processor.py:183} INFO - Processing /opt/airflow/dags/DAG_urbania.py took 0.113 seconds
[2026-01-30T22:20:56.440+0000] {processor.py:161} INFO - Started process (PID=1000) to work on /opt/airflow/dags/DAG_urbania.py
[2026-01-30T22:20:56.441+0000] {processor.py:830} INFO - Processing file /opt/airflow/dags/DAG_urbania.py for tasks to queue
[2026-01-30T22:20:56.441+0000] {logging_mixin.py:188} INFO - [2026-01-30T22:20:56.441+0000] {dagbag.py:538} INFO - Filling up the DagBag from /opt/airflow/dags/DAG_urbania.py
[2026-01-30T22:20:56.463+0000] {processor.py:840} INFO - DAG(s) 'xml_to_mysql_etl' retrieved from /opt/airflow/dags/DAG_urbania.py
[2026-01-30T22:20:56.509+0000] {logging_mixin.py:188} INFO - [2026-01-30T22:20:56.508+0000] {dag.py:3036} INFO - Sync 1 DAGs
[2026-01-30T22:20:56.523+0000] {logging_mixin.py:188} INFO - [2026-01-30T22:20:56.523+0000] {dag.py:3823} INFO - Setting next_dagrun for xml_to_mysql_etl to 2026-01-29 00:00:00+00:00, run_after=2026-01-30 00:00:00+00:00
[2026-01-30T22:20:56.541+0000] {processor.py:183} INFO - Processing /opt/airflow/dags/DAG_urbania.py took 0.104 seconds
[2026-01-30T22:21:28.492+0000] {processor.py:161} INFO - Started process (PID=1005) to work on /opt/airflow/dags/DAG_urbania.py
[2026-01-30T22:21:28.492+0000] {processor.py:830} INFO - Processing file /opt/airflow/dags/DAG_urbania.py for tasks to queue
[2026-01-30T22:21:28.493+0000] {logging_mixin.py:188} INFO - [2026-01-30T22:21:28.493+0000] {dagbag.py:538} INFO - Filling up the DagBag from /opt/airflow/dags/DAG_urbania.py
[2026-01-30T22:21:28.511+0000] {processor.py:840} INFO - DAG(s) 'xml_to_mysql_etl' retrieved from /opt/airflow/dags/DAG_urbania.py
[2026-01-30T22:21:28.550+0000] {logging_mixin.py:188} INFO - [2026-01-30T22:21:28.549+0000] {dag.py:3036} INFO - Sync 1 DAGs
[2026-01-30T22:21:28.564+0000] {logging_mixin.py:188} INFO - [2026-01-30T22:21:28.564+0000] {dag.py:3823} INFO - Setting next_dagrun for xml_to_mysql_etl to 2026-01-29 00:00:00+00:00, run_after=2026-01-30 00:00:00+00:00
[2026-01-30T22:21:28.590+0000] {processor.py:183} INFO - Processing /opt/airflow/dags/DAG_urbania.py took 0.101 seconds
[2026-01-30T22:21:59.571+0000] {processor.py:161} INFO - Started process (PID=1010) to work on /opt/airflow/dags/DAG_urbania.py
[2026-01-30T22:21:59.572+0000] {processor.py:830} INFO - Processing file /opt/airflow/dags/DAG_urbania.py for tasks to queue
[2026-01-30T22:21:59.572+0000] {logging_mixin.py:188} INFO - [2026-01-30T22:21:59.572+0000] {dagbag.py:538} INFO - Filling up the DagBag from /opt/airflow/dags/DAG_urbania.py
[2026-01-30T22:21:59.591+0000] {processor.py:840} INFO - DAG(s) 'xml_to_mysql_etl' retrieved from /opt/airflow/dags/DAG_urbania.py
[2026-01-30T22:21:59.635+0000] {logging_mixin.py:188} INFO - [2026-01-30T22:21:59.635+0000] {dag.py:3036} INFO - Sync 1 DAGs
[2026-01-30T22:21:59.656+0000] {logging_mixin.py:188} INFO - [2026-01-30T22:21:59.656+0000] {dag.py:3823} INFO - Setting next_dagrun for xml_to_mysql_etl to 2026-01-29 00:00:00+00:00, run_after=2026-01-30 00:00:00+00:00
[2026-01-30T22:21:59.677+0000] {processor.py:183} INFO - Processing /opt/airflow/dags/DAG_urbania.py took 0.110 seconds
[2026-01-30T22:22:31.413+0000] {processor.py:161} INFO - Started process (PID=1015) to work on /opt/airflow/dags/DAG_urbania.py
[2026-01-30T22:22:31.413+0000] {processor.py:830} INFO - Processing file /opt/airflow/dags/DAG_urbania.py for tasks to queue
[2026-01-30T22:22:31.414+0000] {logging_mixin.py:188} INFO - [2026-01-30T22:22:31.414+0000] {dagbag.py:538} INFO - Filling up the DagBag from /opt/airflow/dags/DAG_urbania.py
[2026-01-30T22:22:31.432+0000] {processor.py:840} INFO - DAG(s) 'xml_to_mysql_etl' retrieved from /opt/airflow/dags/DAG_urbania.py
[2026-01-30T22:22:31.474+0000] {logging_mixin.py:188} INFO - [2026-01-30T22:22:31.473+0000] {dag.py:3036} INFO - Sync 1 DAGs
[2026-01-30T22:22:31.491+0000] {logging_mixin.py:188} INFO - [2026-01-30T22:22:31.491+0000] {dag.py:3823} INFO - Setting next_dagrun for xml_to_mysql_etl to 2026-01-29 00:00:00+00:00, run_after=2026-01-30 00:00:00+00:00
[2026-01-30T22:22:31.528+0000] {processor.py:183} INFO - Processing /opt/airflow/dags/DAG_urbania.py took 0.119 seconds
[2026-01-30T22:23:03.449+0000] {processor.py:161} INFO - Started process (PID=1020) to work on /opt/airflow/dags/DAG_urbania.py
[2026-01-30T22:23:03.450+0000] {processor.py:830} INFO - Processing file /opt/airflow/dags/DAG_urbania.py for tasks to queue
[2026-01-30T22:23:03.450+0000] {logging_mixin.py:188} INFO - [2026-01-30T22:23:03.450+0000] {dagbag.py:538} INFO - Filling up the DagBag from /opt/airflow/dags/DAG_urbania.py
[2026-01-30T22:23:03.470+0000] {processor.py:840} INFO - DAG(s) 'xml_to_mysql_etl' retrieved from /opt/airflow/dags/DAG_urbania.py
[2026-01-30T22:23:03.510+0000] {logging_mixin.py:188} INFO - [2026-01-30T22:23:03.510+0000] {dag.py:3036} INFO - Sync 1 DAGs
[2026-01-30T22:23:03.528+0000] {logging_mixin.py:188} INFO - [2026-01-30T22:23:03.528+0000] {dag.py:3823} INFO - Setting next_dagrun for xml_to_mysql_etl to 2026-01-29 00:00:00+00:00, run_after=2026-01-30 00:00:00+00:00
[2026-01-30T22:23:03.547+0000] {processor.py:183} INFO - Processing /opt/airflow/dags/DAG_urbania.py took 0.101 seconds
[2026-01-30T22:23:35.425+0000] {processor.py:161} INFO - Started process (PID=1025) to work on /opt/airflow/dags/DAG_urbania.py
[2026-01-30T22:23:35.426+0000] {processor.py:830} INFO - Processing file /opt/airflow/dags/DAG_urbania.py for tasks to queue
[2026-01-30T22:23:35.427+0000] {logging_mixin.py:188} INFO - [2026-01-30T22:23:35.426+0000] {dagbag.py:538} INFO - Filling up the DagBag from /opt/airflow/dags/DAG_urbania.py
[2026-01-30T22:23:35.449+0000] {processor.py:840} INFO - DAG(s) 'xml_to_mysql_etl' retrieved from /opt/airflow/dags/DAG_urbania.py
[2026-01-30T22:23:35.501+0000] {logging_mixin.py:188} INFO - [2026-01-30T22:23:35.501+0000] {dag.py:3036} INFO - Sync 1 DAGs
[2026-01-30T22:23:35.522+0000] {logging_mixin.py:188} INFO - [2026-01-30T22:23:35.522+0000] {dag.py:3823} INFO - Setting next_dagrun for xml_to_mysql_etl to 2026-01-29 00:00:00+00:00, run_after=2026-01-30 00:00:00+00:00
[2026-01-30T22:23:35.556+0000] {processor.py:183} INFO - Processing /opt/airflow/dags/DAG_urbania.py took 0.134 seconds
[2026-01-30T22:24:07.494+0000] {processor.py:161} INFO - Started process (PID=1030) to work on /opt/airflow/dags/DAG_urbania.py
[2026-01-30T22:24:07.495+0000] {processor.py:830} INFO - Processing file /opt/airflow/dags/DAG_urbania.py for tasks to queue
[2026-01-30T22:24:07.496+0000] {logging_mixin.py:188} INFO - [2026-01-30T22:24:07.495+0000] {dagbag.py:538} INFO - Filling up the DagBag from /opt/airflow/dags/DAG_urbania.py
[2026-01-30T22:24:07.513+0000] {processor.py:840} INFO - DAG(s) 'xml_to_mysql_etl' retrieved from /opt/airflow/dags/DAG_urbania.py
[2026-01-30T22:24:07.561+0000] {logging_mixin.py:188} INFO - [2026-01-30T22:24:07.560+0000] {dag.py:3036} INFO - Sync 1 DAGs
[2026-01-30T22:24:07.579+0000] {logging_mixin.py:188} INFO - [2026-01-30T22:24:07.579+0000] {dag.py:3823} INFO - Setting next_dagrun for xml_to_mysql_etl to 2026-01-29 00:00:00+00:00, run_after=2026-01-30 00:00:00+00:00
[2026-01-30T22:24:07.607+0000] {processor.py:183} INFO - Processing /opt/airflow/dags/DAG_urbania.py took 0.116 seconds
[2026-01-30T22:24:38.503+0000] {processor.py:161} INFO - Started process (PID=1035) to work on /opt/airflow/dags/DAG_urbania.py
[2026-01-30T22:24:38.504+0000] {processor.py:830} INFO - Processing file /opt/airflow/dags/DAG_urbania.py for tasks to queue
[2026-01-30T22:24:38.505+0000] {logging_mixin.py:188} INFO - [2026-01-30T22:24:38.505+0000] {dagbag.py:538} INFO - Filling up the DagBag from /opt/airflow/dags/DAG_urbania.py
[2026-01-30T22:24:38.524+0000] {processor.py:840} INFO - DAG(s) 'xml_to_mysql_etl' retrieved from /opt/airflow/dags/DAG_urbania.py
[2026-01-30T22:24:38.569+0000] {logging_mixin.py:188} INFO - [2026-01-30T22:24:38.569+0000] {dag.py:3036} INFO - Sync 1 DAGs
[2026-01-30T22:24:38.588+0000] {logging_mixin.py:188} INFO - [2026-01-30T22:24:38.588+0000] {dag.py:3823} INFO - Setting next_dagrun for xml_to_mysql_etl to 2026-01-29 00:00:00+00:00, run_after=2026-01-30 00:00:00+00:00
[2026-01-30T22:24:38.612+0000] {processor.py:183} INFO - Processing /opt/airflow/dags/DAG_urbania.py took 0.112 seconds
[2026-01-30T22:25:10.420+0000] {processor.py:161} INFO - Started process (PID=1040) to work on /opt/airflow/dags/DAG_urbania.py
[2026-01-30T22:25:10.420+0000] {processor.py:830} INFO - Processing file /opt/airflow/dags/DAG_urbania.py for tasks to queue
[2026-01-30T22:25:10.421+0000] {logging_mixin.py:188} INFO - [2026-01-30T22:25:10.421+0000] {dagbag.py:538} INFO - Filling up the DagBag from /opt/airflow/dags/DAG_urbania.py
[2026-01-30T22:25:10.444+0000] {processor.py:840} INFO - DAG(s) 'xml_to_mysql_etl' retrieved from /opt/airflow/dags/DAG_urbania.py
[2026-01-30T22:25:10.490+0000] {logging_mixin.py:188} INFO - [2026-01-30T22:25:10.490+0000] {dag.py:3036} INFO - Sync 1 DAGs
[2026-01-30T22:25:10.507+0000] {logging_mixin.py:188} INFO - [2026-01-30T22:25:10.507+0000] {dag.py:3823} INFO - Setting next_dagrun for xml_to_mysql_etl to 2026-01-29 00:00:00+00:00, run_after=2026-01-30 00:00:00+00:00
[2026-01-30T22:25:10.528+0000] {processor.py:183} INFO - Processing /opt/airflow/dags/DAG_urbania.py took 0.112 seconds
[2026-01-30T22:25:42.488+0000] {processor.py:161} INFO - Started process (PID=1045) to work on /opt/airflow/dags/DAG_urbania.py
[2026-01-30T22:25:42.489+0000] {processor.py:830} INFO - Processing file /opt/airflow/dags/DAG_urbania.py for tasks to queue
[2026-01-30T22:25:42.489+0000] {logging_mixin.py:188} INFO - [2026-01-30T22:25:42.489+0000] {dagbag.py:538} INFO - Filling up the DagBag from /opt/airflow/dags/DAG_urbania.py
[2026-01-30T22:25:42.508+0000] {processor.py:840} INFO - DAG(s) 'xml_to_mysql_etl' retrieved from /opt/airflow/dags/DAG_urbania.py
[2026-01-30T22:25:42.550+0000] {logging_mixin.py:188} INFO - [2026-01-30T22:25:42.550+0000] {dag.py:3036} INFO - Sync 1 DAGs
[2026-01-30T22:25:42.568+0000] {logging_mixin.py:188} INFO - [2026-01-30T22:25:42.567+0000] {dag.py:3823} INFO - Setting next_dagrun for xml_to_mysql_etl to 2026-01-29 00:00:00+00:00, run_after=2026-01-30 00:00:00+00:00
[2026-01-30T22:25:42.589+0000] {processor.py:183} INFO - Processing /opt/airflow/dags/DAG_urbania.py took 0.104 seconds
[2026-01-30T22:26:14.460+0000] {processor.py:161} INFO - Started process (PID=1050) to work on /opt/airflow/dags/DAG_urbania.py
[2026-01-30T22:26:14.460+0000] {processor.py:830} INFO - Processing file /opt/airflow/dags/DAG_urbania.py for tasks to queue
[2026-01-30T22:26:14.461+0000] {logging_mixin.py:188} INFO - [2026-01-30T22:26:14.461+0000] {dagbag.py:538} INFO - Filling up the DagBag from /opt/airflow/dags/DAG_urbania.py
[2026-01-30T22:26:14.480+0000] {processor.py:840} INFO - DAG(s) 'xml_to_mysql_etl' retrieved from /opt/airflow/dags/DAG_urbania.py
[2026-01-30T22:26:14.524+0000] {logging_mixin.py:188} INFO - [2026-01-30T22:26:14.524+0000] {dag.py:3036} INFO - Sync 1 DAGs
[2026-01-30T22:26:14.543+0000] {logging_mixin.py:188} INFO - [2026-01-30T22:26:14.542+0000] {dag.py:3823} INFO - Setting next_dagrun for xml_to_mysql_etl to 2026-01-29 00:00:00+00:00, run_after=2026-01-30 00:00:00+00:00
[2026-01-30T22:26:14.563+0000] {processor.py:183} INFO - Processing /opt/airflow/dags/DAG_urbania.py took 0.107 seconds
[2026-01-30T22:26:46.468+0000] {processor.py:161} INFO - Started process (PID=1055) to work on /opt/airflow/dags/DAG_urbania.py
[2026-01-30T22:26:46.469+0000] {processor.py:830} INFO - Processing file /opt/airflow/dags/DAG_urbania.py for tasks to queue
[2026-01-30T22:26:46.469+0000] {logging_mixin.py:188} INFO - [2026-01-30T22:26:46.469+0000] {dagbag.py:538} INFO - Filling up the DagBag from /opt/airflow/dags/DAG_urbania.py
[2026-01-30T22:26:46.494+0000] {processor.py:840} INFO - DAG(s) 'xml_to_mysql_etl' retrieved from /opt/airflow/dags/DAG_urbania.py
[2026-01-30T22:26:46.544+0000] {logging_mixin.py:188} INFO - [2026-01-30T22:26:46.544+0000] {dag.py:3036} INFO - Sync 1 DAGs
[2026-01-30T22:26:46.563+0000] {logging_mixin.py:188} INFO - [2026-01-30T22:26:46.563+0000] {dag.py:3823} INFO - Setting next_dagrun for xml_to_mysql_etl to 2026-01-29 00:00:00+00:00, run_after=2026-01-30 00:00:00+00:00
[2026-01-30T22:26:46.582+0000] {processor.py:183} INFO - Processing /opt/airflow/dags/DAG_urbania.py took 0.118 seconds
[2026-01-30T22:27:17.518+0000] {processor.py:161} INFO - Started process (PID=1060) to work on /opt/airflow/dags/DAG_urbania.py
[2026-01-30T22:27:17.519+0000] {processor.py:830} INFO - Processing file /opt/airflow/dags/DAG_urbania.py for tasks to queue
[2026-01-30T22:27:17.520+0000] {logging_mixin.py:188} INFO - [2026-01-30T22:27:17.519+0000] {dagbag.py:538} INFO - Filling up the DagBag from /opt/airflow/dags/DAG_urbania.py
[2026-01-30T22:27:17.538+0000] {processor.py:840} INFO - DAG(s) 'xml_to_mysql_etl' retrieved from /opt/airflow/dags/DAG_urbania.py
[2026-01-30T22:27:17.584+0000] {logging_mixin.py:188} INFO - [2026-01-30T22:27:17.584+0000] {dag.py:3036} INFO - Sync 1 DAGs
[2026-01-30T22:27:17.602+0000] {logging_mixin.py:188} INFO - [2026-01-30T22:27:17.602+0000] {dag.py:3823} INFO - Setting next_dagrun for xml_to_mysql_etl to 2026-01-29 00:00:00+00:00, run_after=2026-01-30 00:00:00+00:00
[2026-01-30T22:27:17.632+0000] {processor.py:183} INFO - Processing /opt/airflow/dags/DAG_urbania.py took 0.118 seconds
[2026-01-30T22:27:49.469+0000] {processor.py:161} INFO - Started process (PID=1065) to work on /opt/airflow/dags/DAG_urbania.py
[2026-01-30T22:27:49.470+0000] {processor.py:830} INFO - Processing file /opt/airflow/dags/DAG_urbania.py for tasks to queue
[2026-01-30T22:27:49.471+0000] {logging_mixin.py:188} INFO - [2026-01-30T22:27:49.470+0000] {dagbag.py:538} INFO - Filling up the DagBag from /opt/airflow/dags/DAG_urbania.py
[2026-01-30T22:27:49.489+0000] {processor.py:840} INFO - DAG(s) 'xml_to_mysql_etl' retrieved from /opt/airflow/dags/DAG_urbania.py
[2026-01-30T22:27:49.534+0000] {logging_mixin.py:188} INFO - [2026-01-30T22:27:49.533+0000] {dag.py:3036} INFO - Sync 1 DAGs
[2026-01-30T22:27:49.552+0000] {logging_mixin.py:188} INFO - [2026-01-30T22:27:49.552+0000] {dag.py:3823} INFO - Setting next_dagrun for xml_to_mysql_etl to 2026-01-29 00:00:00+00:00, run_after=2026-01-30 00:00:00+00:00
[2026-01-30T22:27:49.571+0000] {processor.py:183} INFO - Processing /opt/airflow/dags/DAG_urbania.py took 0.105 seconds
[2026-01-30T22:28:21.562+0000] {processor.py:161} INFO - Started process (PID=1070) to work on /opt/airflow/dags/DAG_urbania.py
[2026-01-30T22:28:21.563+0000] {processor.py:830} INFO - Processing file /opt/airflow/dags/DAG_urbania.py for tasks to queue
[2026-01-30T22:28:21.564+0000] {logging_mixin.py:188} INFO - [2026-01-30T22:28:21.563+0000] {dagbag.py:538} INFO - Filling up the DagBag from /opt/airflow/dags/DAG_urbania.py
[2026-01-30T22:28:21.583+0000] {processor.py:840} INFO - DAG(s) 'xml_to_mysql_etl' retrieved from /opt/airflow/dags/DAG_urbania.py
[2026-01-30T22:28:21.631+0000] {logging_mixin.py:188} INFO - [2026-01-30T22:28:21.631+0000] {dag.py:3036} INFO - Sync 1 DAGs
[2026-01-30T22:28:21.649+0000] {logging_mixin.py:188} INFO - [2026-01-30T22:28:21.649+0000] {dag.py:3823} INFO - Setting next_dagrun for xml_to_mysql_etl to 2026-01-29 00:00:00+00:00, run_after=2026-01-30 00:00:00+00:00
[2026-01-30T22:28:21.678+0000] {processor.py:183} INFO - Processing /opt/airflow/dags/DAG_urbania.py took 0.118 seconds
[2026-01-30T22:28:53.503+0000] {processor.py:161} INFO - Started process (PID=1075) to work on /opt/airflow/dags/DAG_urbania.py
[2026-01-30T22:28:53.505+0000] {processor.py:830} INFO - Processing file /opt/airflow/dags/DAG_urbania.py for tasks to queue
[2026-01-30T22:28:53.507+0000] {logging_mixin.py:188} INFO - [2026-01-30T22:28:53.506+0000] {dagbag.py:538} INFO - Filling up the DagBag from /opt/airflow/dags/DAG_urbania.py
[2026-01-30T22:28:53.531+0000] {processor.py:840} INFO - DAG(s) 'xml_to_mysql_etl' retrieved from /opt/airflow/dags/DAG_urbania.py
[2026-01-30T22:28:53.580+0000] {logging_mixin.py:188} INFO - [2026-01-30T22:28:53.580+0000] {dag.py:3036} INFO - Sync 1 DAGs
[2026-01-30T22:28:53.602+0000] {logging_mixin.py:188} INFO - [2026-01-30T22:28:53.602+0000] {dag.py:3823} INFO - Setting next_dagrun for xml_to_mysql_etl to 2026-01-29 00:00:00+00:00, run_after=2026-01-30 00:00:00+00:00
[2026-01-30T22:28:53.624+0000] {processor.py:183} INFO - Processing /opt/airflow/dags/DAG_urbania.py took 0.125 seconds
[2026-01-30T22:29:25.575+0000] {processor.py:161} INFO - Started process (PID=1080) to work on /opt/airflow/dags/DAG_urbania.py
[2026-01-30T22:29:25.576+0000] {processor.py:830} INFO - Processing file /opt/airflow/dags/DAG_urbania.py for tasks to queue
[2026-01-30T22:29:25.577+0000] {logging_mixin.py:188} INFO - [2026-01-30T22:29:25.577+0000] {dagbag.py:538} INFO - Filling up the DagBag from /opt/airflow/dags/DAG_urbania.py
[2026-01-30T22:29:25.600+0000] {processor.py:840} INFO - DAG(s) 'xml_to_mysql_etl' retrieved from /opt/airflow/dags/DAG_urbania.py
[2026-01-30T22:29:25.660+0000] {logging_mixin.py:188} INFO - [2026-01-30T22:29:25.660+0000] {dag.py:3036} INFO - Sync 1 DAGs
[2026-01-30T22:29:25.684+0000] {logging_mixin.py:188} INFO - [2026-01-30T22:29:25.683+0000] {dag.py:3823} INFO - Setting next_dagrun for xml_to_mysql_etl to 2026-01-29 00:00:00+00:00, run_after=2026-01-30 00:00:00+00:00
[2026-01-30T22:29:25.719+0000] {processor.py:183} INFO - Processing /opt/airflow/dags/DAG_urbania.py took 0.147 seconds
[2026-01-30T22:29:56.544+0000] {processor.py:161} INFO - Started process (PID=1085) to work on /opt/airflow/dags/DAG_urbania.py
[2026-01-30T22:29:56.545+0000] {processor.py:830} INFO - Processing file /opt/airflow/dags/DAG_urbania.py for tasks to queue
[2026-01-30T22:29:56.545+0000] {logging_mixin.py:188} INFO - [2026-01-30T22:29:56.545+0000] {dagbag.py:538} INFO - Filling up the DagBag from /opt/airflow/dags/DAG_urbania.py
[2026-01-30T22:29:56.570+0000] {processor.py:840} INFO - DAG(s) 'xml_to_mysql_etl' retrieved from /opt/airflow/dags/DAG_urbania.py
[2026-01-30T22:29:56.622+0000] {logging_mixin.py:188} INFO - [2026-01-30T22:29:56.621+0000] {dag.py:3036} INFO - Sync 1 DAGs
[2026-01-30T22:29:56.638+0000] {logging_mixin.py:188} INFO - [2026-01-30T22:29:56.638+0000] {dag.py:3823} INFO - Setting next_dagrun for xml_to_mysql_etl to 2026-01-29 00:00:00+00:00, run_after=2026-01-30 00:00:00+00:00
[2026-01-30T22:29:56.656+0000] {processor.py:183} INFO - Processing /opt/airflow/dags/DAG_urbania.py took 0.116 seconds
[2026-01-30T22:30:28.541+0000] {processor.py:161} INFO - Started process (PID=1090) to work on /opt/airflow/dags/DAG_urbania.py
[2026-01-30T22:30:28.542+0000] {processor.py:830} INFO - Processing file /opt/airflow/dags/DAG_urbania.py for tasks to queue
[2026-01-30T22:30:28.543+0000] {logging_mixin.py:188} INFO - [2026-01-30T22:30:28.543+0000] {dagbag.py:538} INFO - Filling up the DagBag from /opt/airflow/dags/DAG_urbania.py
[2026-01-30T22:30:28.565+0000] {processor.py:840} INFO - DAG(s) 'xml_to_mysql_etl' retrieved from /opt/airflow/dags/DAG_urbania.py
[2026-01-30T22:30:28.608+0000] {logging_mixin.py:188} INFO - [2026-01-30T22:30:28.608+0000] {dag.py:3036} INFO - Sync 1 DAGs
[2026-01-30T22:30:28.628+0000] {logging_mixin.py:188} INFO - [2026-01-30T22:30:28.628+0000] {dag.py:3823} INFO - Setting next_dagrun for xml_to_mysql_etl to 2026-01-29 00:00:00+00:00, run_after=2026-01-30 00:00:00+00:00
[2026-01-30T22:30:28.651+0000] {processor.py:183} INFO - Processing /opt/airflow/dags/DAG_urbania.py took 0.112 seconds
[2026-01-30T22:31:00.584+0000] {processor.py:161} INFO - Started process (PID=1095) to work on /opt/airflow/dags/DAG_urbania.py
[2026-01-30T22:31:00.585+0000] {processor.py:830} INFO - Processing file /opt/airflow/dags/DAG_urbania.py for tasks to queue
[2026-01-30T22:31:00.585+0000] {logging_mixin.py:188} INFO - [2026-01-30T22:31:00.585+0000] {dagbag.py:538} INFO - Filling up the DagBag from /opt/airflow/dags/DAG_urbania.py
[2026-01-30T22:31:00.605+0000] {processor.py:840} INFO - DAG(s) 'xml_to_mysql_etl' retrieved from /opt/airflow/dags/DAG_urbania.py
[2026-01-30T22:31:00.648+0000] {logging_mixin.py:188} INFO - [2026-01-30T22:31:00.647+0000] {dag.py:3036} INFO - Sync 1 DAGs
[2026-01-30T22:31:00.666+0000] {logging_mixin.py:188} INFO - [2026-01-30T22:31:00.665+0000] {dag.py:3823} INFO - Setting next_dagrun for xml_to_mysql_etl to 2026-01-29 00:00:00+00:00, run_after=2026-01-30 00:00:00+00:00
[2026-01-30T22:31:00.685+0000] {processor.py:183} INFO - Processing /opt/airflow/dags/DAG_urbania.py took 0.104 seconds
[2026-01-30T22:31:32.510+0000] {processor.py:161} INFO - Started process (PID=1100) to work on /opt/airflow/dags/DAG_urbania.py
[2026-01-30T22:31:32.511+0000] {processor.py:830} INFO - Processing file /opt/airflow/dags/DAG_urbania.py for tasks to queue
[2026-01-30T22:31:32.512+0000] {logging_mixin.py:188} INFO - [2026-01-30T22:31:32.511+0000] {dagbag.py:538} INFO - Filling up the DagBag from /opt/airflow/dags/DAG_urbania.py
[2026-01-30T22:31:32.532+0000] {processor.py:840} INFO - DAG(s) 'xml_to_mysql_etl' retrieved from /opt/airflow/dags/DAG_urbania.py
[2026-01-30T22:31:32.577+0000] {logging_mixin.py:188} INFO - [2026-01-30T22:31:32.577+0000] {dag.py:3036} INFO - Sync 1 DAGs
[2026-01-30T22:31:32.596+0000] {logging_mixin.py:188} INFO - [2026-01-30T22:31:32.596+0000] {dag.py:3823} INFO - Setting next_dagrun for xml_to_mysql_etl to 2026-01-29 00:00:00+00:00, run_after=2026-01-30 00:00:00+00:00
[2026-01-30T22:31:32.618+0000] {processor.py:183} INFO - Processing /opt/airflow/dags/DAG_urbania.py took 0.111 seconds
[2026-01-30T22:32:04.574+0000] {processor.py:161} INFO - Started process (PID=1105) to work on /opt/airflow/dags/DAG_urbania.py
[2026-01-30T22:32:04.575+0000] {processor.py:830} INFO - Processing file /opt/airflow/dags/DAG_urbania.py for tasks to queue
[2026-01-30T22:32:04.576+0000] {logging_mixin.py:188} INFO - [2026-01-30T22:32:04.575+0000] {dagbag.py:538} INFO - Filling up the DagBag from /opt/airflow/dags/DAG_urbania.py
[2026-01-30T22:32:04.594+0000] {processor.py:840} INFO - DAG(s) 'xml_to_mysql_etl' retrieved from /opt/airflow/dags/DAG_urbania.py
[2026-01-30T22:32:04.638+0000] {logging_mixin.py:188} INFO - [2026-01-30T22:32:04.637+0000] {dag.py:3036} INFO - Sync 1 DAGs
[2026-01-30T22:32:04.655+0000] {logging_mixin.py:188} INFO - [2026-01-30T22:32:04.655+0000] {dag.py:3823} INFO - Setting next_dagrun for xml_to_mysql_etl to 2026-01-29 00:00:00+00:00, run_after=2026-01-30 00:00:00+00:00
[2026-01-30T22:32:04.684+0000] {processor.py:183} INFO - Processing /opt/airflow/dags/DAG_urbania.py took 0.112 seconds
[2026-01-30T22:32:35.680+0000] {processor.py:161} INFO - Started process (PID=1110) to work on /opt/airflow/dags/DAG_urbania.py
[2026-01-30T22:32:35.681+0000] {processor.py:830} INFO - Processing file /opt/airflow/dags/DAG_urbania.py for tasks to queue
[2026-01-30T22:32:35.682+0000] {logging_mixin.py:188} INFO - [2026-01-30T22:32:35.682+0000] {dagbag.py:538} INFO - Filling up the DagBag from /opt/airflow/dags/DAG_urbania.py
[2026-01-30T22:32:35.706+0000] {processor.py:840} INFO - DAG(s) 'xml_to_mysql_etl' retrieved from /opt/airflow/dags/DAG_urbania.py
[2026-01-30T22:32:35.752+0000] {logging_mixin.py:188} INFO - [2026-01-30T22:32:35.752+0000] {dag.py:3036} INFO - Sync 1 DAGs
[2026-01-30T22:32:35.770+0000] {logging_mixin.py:188} INFO - [2026-01-30T22:32:35.770+0000] {dag.py:3823} INFO - Setting next_dagrun for xml_to_mysql_etl to 2026-01-29 00:00:00+00:00, run_after=2026-01-30 00:00:00+00:00
[2026-01-30T22:32:35.790+0000] {processor.py:183} INFO - Processing /opt/airflow/dags/DAG_urbania.py took 0.114 seconds
[2026-01-30T22:33:07.611+0000] {processor.py:161} INFO - Started process (PID=1115) to work on /opt/airflow/dags/DAG_urbania.py
[2026-01-30T22:33:07.612+0000] {processor.py:830} INFO - Processing file /opt/airflow/dags/DAG_urbania.py for tasks to queue
[2026-01-30T22:33:07.612+0000] {logging_mixin.py:188} INFO - [2026-01-30T22:33:07.612+0000] {dagbag.py:538} INFO - Filling up the DagBag from /opt/airflow/dags/DAG_urbania.py
[2026-01-30T22:33:07.630+0000] {processor.py:840} INFO - DAG(s) 'xml_to_mysql_etl' retrieved from /opt/airflow/dags/DAG_urbania.py
[2026-01-30T22:33:07.671+0000] {logging_mixin.py:188} INFO - [2026-01-30T22:33:07.671+0000] {dag.py:3036} INFO - Sync 1 DAGs
[2026-01-30T22:33:07.689+0000] {logging_mixin.py:188} INFO - [2026-01-30T22:33:07.689+0000] {dag.py:3823} INFO - Setting next_dagrun for xml_to_mysql_etl to 2026-01-29 00:00:00+00:00, run_after=2026-01-30 00:00:00+00:00
[2026-01-30T22:33:07.708+0000] {processor.py:183} INFO - Processing /opt/airflow/dags/DAG_urbania.py took 0.100 seconds
[2026-01-30T22:33:39.641+0000] {processor.py:161} INFO - Started process (PID=1120) to work on /opt/airflow/dags/DAG_urbania.py
[2026-01-30T22:33:39.642+0000] {processor.py:830} INFO - Processing file /opt/airflow/dags/DAG_urbania.py for tasks to queue
[2026-01-30T22:33:39.643+0000] {logging_mixin.py:188} INFO - [2026-01-30T22:33:39.643+0000] {dagbag.py:538} INFO - Filling up the DagBag from /opt/airflow/dags/DAG_urbania.py
[2026-01-30T22:33:39.660+0000] {processor.py:840} INFO - DAG(s) 'xml_to_mysql_etl' retrieved from /opt/airflow/dags/DAG_urbania.py
[2026-01-30T22:33:39.703+0000] {logging_mixin.py:188} INFO - [2026-01-30T22:33:39.703+0000] {dag.py:3036} INFO - Sync 1 DAGs
[2026-01-30T22:33:39.722+0000] {logging_mixin.py:188} INFO - [2026-01-30T22:33:39.722+0000] {dag.py:3823} INFO - Setting next_dagrun for xml_to_mysql_etl to 2026-01-29 00:00:00+00:00, run_after=2026-01-30 00:00:00+00:00
[2026-01-30T22:33:39.743+0000] {processor.py:183} INFO - Processing /opt/airflow/dags/DAG_urbania.py took 0.104 seconds
[2026-01-30T22:34:11.640+0000] {processor.py:161} INFO - Started process (PID=1125) to work on /opt/airflow/dags/DAG_urbania.py
[2026-01-30T22:34:11.641+0000] {processor.py:830} INFO - Processing file /opt/airflow/dags/DAG_urbania.py for tasks to queue
[2026-01-30T22:34:11.642+0000] {logging_mixin.py:188} INFO - [2026-01-30T22:34:11.641+0000] {dagbag.py:538} INFO - Filling up the DagBag from /opt/airflow/dags/DAG_urbania.py
[2026-01-30T22:34:11.665+0000] {processor.py:840} INFO - DAG(s) 'xml_to_mysql_etl' retrieved from /opt/airflow/dags/DAG_urbania.py
[2026-01-30T22:34:11.717+0000] {logging_mixin.py:188} INFO - [2026-01-30T22:34:11.717+0000] {dag.py:3036} INFO - Sync 1 DAGs
[2026-01-30T22:34:11.734+0000] {logging_mixin.py:188} INFO - [2026-01-30T22:34:11.734+0000] {dag.py:3823} INFO - Setting next_dagrun for xml_to_mysql_etl to 2026-01-29 00:00:00+00:00, run_after=2026-01-30 00:00:00+00:00
[2026-01-30T22:34:11.762+0000] {processor.py:183} INFO - Processing /opt/airflow/dags/DAG_urbania.py took 0.125 seconds
[2026-01-30T22:34:43.715+0000] {processor.py:161} INFO - Started process (PID=1130) to work on /opt/airflow/dags/DAG_urbania.py
[2026-01-30T22:34:43.716+0000] {processor.py:830} INFO - Processing file /opt/airflow/dags/DAG_urbania.py for tasks to queue
[2026-01-30T22:34:43.717+0000] {logging_mixin.py:188} INFO - [2026-01-30T22:34:43.717+0000] {dagbag.py:538} INFO - Filling up the DagBag from /opt/airflow/dags/DAG_urbania.py
[2026-01-30T22:34:43.740+0000] {processor.py:840} INFO - DAG(s) 'xml_to_mysql_etl' retrieved from /opt/airflow/dags/DAG_urbania.py
[2026-01-30T22:34:43.808+0000] {logging_mixin.py:188} INFO - [2026-01-30T22:34:43.808+0000] {dag.py:3036} INFO - Sync 1 DAGs
[2026-01-30T22:34:43.827+0000] {logging_mixin.py:188} INFO - [2026-01-30T22:34:43.827+0000] {dag.py:3823} INFO - Setting next_dagrun for xml_to_mysql_etl to 2026-01-29 00:00:00+00:00, run_after=2026-01-30 00:00:00+00:00
[2026-01-30T22:34:43.849+0000] {processor.py:183} INFO - Processing /opt/airflow/dags/DAG_urbania.py took 0.138 seconds
[2026-01-30T22:35:14.779+0000] {processor.py:161} INFO - Started process (PID=1135) to work on /opt/airflow/dags/DAG_urbania.py
[2026-01-30T22:35:14.780+0000] {processor.py:830} INFO - Processing file /opt/airflow/dags/DAG_urbania.py for tasks to queue
[2026-01-30T22:35:14.780+0000] {logging_mixin.py:188} INFO - [2026-01-30T22:35:14.780+0000] {dagbag.py:538} INFO - Filling up the DagBag from /opt/airflow/dags/DAG_urbania.py
[2026-01-30T22:35:14.799+0000] {processor.py:840} INFO - DAG(s) 'xml_to_mysql_etl' retrieved from /opt/airflow/dags/DAG_urbania.py
[2026-01-30T22:35:14.846+0000] {logging_mixin.py:188} INFO - [2026-01-30T22:35:14.846+0000] {dag.py:3036} INFO - Sync 1 DAGs
[2026-01-30T22:35:14.864+0000] {logging_mixin.py:188} INFO - [2026-01-30T22:35:14.864+0000] {dag.py:3823} INFO - Setting next_dagrun for xml_to_mysql_etl to 2026-01-29 00:00:00+00:00, run_after=2026-01-30 00:00:00+00:00
[2026-01-30T22:35:14.894+0000] {processor.py:183} INFO - Processing /opt/airflow/dags/DAG_urbania.py took 0.118 seconds
[2026-01-30T22:35:46.718+0000] {processor.py:161} INFO - Started process (PID=1140) to work on /opt/airflow/dags/DAG_urbania.py
[2026-01-30T22:35:46.719+0000] {processor.py:830} INFO - Processing file /opt/airflow/dags/DAG_urbania.py for tasks to queue
[2026-01-30T22:35:46.720+0000] {logging_mixin.py:188} INFO - [2026-01-30T22:35:46.720+0000] {dagbag.py:538} INFO - Filling up the DagBag from /opt/airflow/dags/DAG_urbania.py
[2026-01-30T22:35:46.743+0000] {processor.py:840} INFO - DAG(s) 'xml_to_mysql_etl' retrieved from /opt/airflow/dags/DAG_urbania.py
[2026-01-30T22:35:46.789+0000] {logging_mixin.py:188} INFO - [2026-01-30T22:35:46.789+0000] {dag.py:3036} INFO - Sync 1 DAGs
[2026-01-30T22:35:46.808+0000] {logging_mixin.py:188} INFO - [2026-01-30T22:35:46.808+0000] {dag.py:3823} INFO - Setting next_dagrun for xml_to_mysql_etl to 2026-01-29 00:00:00+00:00, run_after=2026-01-30 00:00:00+00:00
[2026-01-30T22:35:46.837+0000] {processor.py:183} INFO - Processing /opt/airflow/dags/DAG_urbania.py took 0.122 seconds
[2026-01-30T22:36:18.823+0000] {processor.py:161} INFO - Started process (PID=1145) to work on /opt/airflow/dags/DAG_urbania.py
[2026-01-30T22:36:18.824+0000] {processor.py:830} INFO - Processing file /opt/airflow/dags/DAG_urbania.py for tasks to queue
[2026-01-30T22:36:18.825+0000] {logging_mixin.py:188} INFO - [2026-01-30T22:36:18.824+0000] {dagbag.py:538} INFO - Filling up the DagBag from /opt/airflow/dags/DAG_urbania.py
[2026-01-30T22:36:18.851+0000] {processor.py:840} INFO - DAG(s) 'xml_to_mysql_etl' retrieved from /opt/airflow/dags/DAG_urbania.py
[2026-01-30T22:36:18.905+0000] {logging_mixin.py:188} INFO - [2026-01-30T22:36:18.905+0000] {dag.py:3036} INFO - Sync 1 DAGs
[2026-01-30T22:36:18.925+0000] {logging_mixin.py:188} INFO - [2026-01-30T22:36:18.925+0000] {dag.py:3823} INFO - Setting next_dagrun for xml_to_mysql_etl to 2026-01-29 00:00:00+00:00, run_after=2026-01-30 00:00:00+00:00
[2026-01-30T22:36:18.948+0000] {processor.py:183} INFO - Processing /opt/airflow/dags/DAG_urbania.py took 0.128 seconds
[2026-01-30T22:36:50.836+0000] {processor.py:161} INFO - Started process (PID=1150) to work on /opt/airflow/dags/DAG_urbania.py
[2026-01-30T22:36:50.838+0000] {processor.py:830} INFO - Processing file /opt/airflow/dags/DAG_urbania.py for tasks to queue
[2026-01-30T22:36:50.840+0000] {logging_mixin.py:188} INFO - [2026-01-30T22:36:50.839+0000] {dagbag.py:538} INFO - Filling up the DagBag from /opt/airflow/dags/DAG_urbania.py
[2026-01-30T22:36:50.859+0000] {processor.py:840} INFO - DAG(s) 'xml_to_mysql_etl' retrieved from /opt/airflow/dags/DAG_urbania.py
[2026-01-30T22:36:50.900+0000] {logging_mixin.py:188} INFO - [2026-01-30T22:36:50.900+0000] {dag.py:3036} INFO - Sync 1 DAGs
[2026-01-30T22:36:50.916+0000] {logging_mixin.py:188} INFO - [2026-01-30T22:36:50.916+0000] {dag.py:3823} INFO - Setting next_dagrun for xml_to_mysql_etl to 2026-01-29 00:00:00+00:00, run_after=2026-01-30 00:00:00+00:00
[2026-01-30T22:36:50.934+0000] {processor.py:183} INFO - Processing /opt/airflow/dags/DAG_urbania.py took 0.101 seconds
[2026-01-30T22:37:22.911+0000] {processor.py:161} INFO - Started process (PID=1156) to work on /opt/airflow/dags/DAG_urbania.py
[2026-01-30T22:37:22.912+0000] {processor.py:830} INFO - Processing file /opt/airflow/dags/DAG_urbania.py for tasks to queue
[2026-01-30T22:37:22.913+0000] {logging_mixin.py:188} INFO - [2026-01-30T22:37:22.913+0000] {dagbag.py:538} INFO - Filling up the DagBag from /opt/airflow/dags/DAG_urbania.py
[2026-01-30T22:37:22.939+0000] {processor.py:840} INFO - DAG(s) 'xml_to_mysql_etl' retrieved from /opt/airflow/dags/DAG_urbania.py
[2026-01-30T22:37:22.992+0000] {logging_mixin.py:188} INFO - [2026-01-30T22:37:22.992+0000] {dag.py:3036} INFO - Sync 1 DAGs
[2026-01-30T22:37:23.024+0000] {logging_mixin.py:188} INFO - [2026-01-30T22:37:23.024+0000] {dag.py:3823} INFO - Setting next_dagrun for xml_to_mysql_etl to 2026-01-30 00:00:00+00:00, run_after=2026-01-31 00:00:00+00:00
[2026-01-30T22:37:23.055+0000] {processor.py:183} INFO - Processing /opt/airflow/dags/DAG_urbania.py took 0.148 seconds
[2026-01-30T22:37:53.844+0000] {processor.py:161} INFO - Started process (PID=1164) to work on /opt/airflow/dags/DAG_urbania.py
[2026-01-30T22:37:53.845+0000] {processor.py:830} INFO - Processing file /opt/airflow/dags/DAG_urbania.py for tasks to queue
[2026-01-30T22:37:53.846+0000] {logging_mixin.py:188} INFO - [2026-01-30T22:37:53.845+0000] {dagbag.py:538} INFO - Filling up the DagBag from /opt/airflow/dags/DAG_urbania.py
[2026-01-30T22:37:53.867+0000] {processor.py:840} INFO - DAG(s) 'xml_to_mysql_etl' retrieved from /opt/airflow/dags/DAG_urbania.py
[2026-01-30T22:37:53.926+0000] {logging_mixin.py:188} INFO - [2026-01-30T22:37:53.926+0000] {dag.py:3036} INFO - Sync 1 DAGs
[2026-01-30T22:37:53.956+0000] {logging_mixin.py:188} INFO - [2026-01-30T22:37:53.956+0000] {dag.py:3823} INFO - Setting next_dagrun for xml_to_mysql_etl to 2026-01-30 00:00:00+00:00, run_after=2026-01-31 00:00:00+00:00
[2026-01-30T22:37:53.992+0000] {processor.py:183} INFO - Processing /opt/airflow/dags/DAG_urbania.py took 0.153 seconds
[2026-01-30T22:38:25.975+0000] {processor.py:161} INFO - Started process (PID=1169) to work on /opt/airflow/dags/DAG_urbania.py
[2026-01-30T22:38:25.976+0000] {processor.py:830} INFO - Processing file /opt/airflow/dags/DAG_urbania.py for tasks to queue
[2026-01-30T22:38:25.977+0000] {logging_mixin.py:188} INFO - [2026-01-30T22:38:25.977+0000] {dagbag.py:538} INFO - Filling up the DagBag from /opt/airflow/dags/DAG_urbania.py
[2026-01-30T22:38:26.000+0000] {processor.py:840} INFO - DAG(s) 'xml_to_mysql_etl' retrieved from /opt/airflow/dags/DAG_urbania.py
[2026-01-30T22:38:26.053+0000] {logging_mixin.py:188} INFO - [2026-01-30T22:38:26.053+0000] {dag.py:3036} INFO - Sync 1 DAGs
[2026-01-30T22:38:26.077+0000] {logging_mixin.py:188} INFO - [2026-01-30T22:38:26.077+0000] {dag.py:3823} INFO - Setting next_dagrun for xml_to_mysql_etl to 2026-01-30 00:00:00+00:00, run_after=2026-01-31 00:00:00+00:00
[2026-01-30T22:38:26.103+0000] {processor.py:183} INFO - Processing /opt/airflow/dags/DAG_urbania.py took 0.131 seconds
[2026-01-30T22:38:57.982+0000] {processor.py:161} INFO - Started process (PID=1174) to work on /opt/airflow/dags/DAG_urbania.py
[2026-01-30T22:38:57.984+0000] {processor.py:830} INFO - Processing file /opt/airflow/dags/DAG_urbania.py for tasks to queue
[2026-01-30T22:38:57.985+0000] {logging_mixin.py:188} INFO - [2026-01-30T22:38:57.985+0000] {dagbag.py:538} INFO - Filling up the DagBag from /opt/airflow/dags/DAG_urbania.py
[2026-01-30T22:38:58.008+0000] {processor.py:840} INFO - DAG(s) 'xml_to_mysql_etl' retrieved from /opt/airflow/dags/DAG_urbania.py
[2026-01-30T22:38:58.056+0000] {logging_mixin.py:188} INFO - [2026-01-30T22:38:58.056+0000] {dag.py:3036} INFO - Sync 1 DAGs
[2026-01-30T22:38:58.075+0000] {logging_mixin.py:188} INFO - [2026-01-30T22:38:58.075+0000] {dag.py:3823} INFO - Setting next_dagrun for xml_to_mysql_etl to 2026-01-29 00:00:00+00:00, run_after=2026-01-30 00:00:00+00:00
[2026-01-30T22:38:58.097+0000] {processor.py:183} INFO - Processing /opt/airflow/dags/DAG_urbania.py took 0.119 seconds
[2026-01-30T22:39:30.103+0000] {processor.py:161} INFO - Started process (PID=1181) to work on /opt/airflow/dags/DAG_urbania.py
[2026-01-30T22:39:30.104+0000] {processor.py:830} INFO - Processing file /opt/airflow/dags/DAG_urbania.py for tasks to queue
[2026-01-30T22:39:30.105+0000] {logging_mixin.py:188} INFO - [2026-01-30T22:39:30.104+0000] {dagbag.py:538} INFO - Filling up the DagBag from /opt/airflow/dags/DAG_urbania.py
[2026-01-30T22:39:30.127+0000] {processor.py:840} INFO - DAG(s) 'xml_to_mysql_etl' retrieved from /opt/airflow/dags/DAG_urbania.py
[2026-01-30T22:39:30.172+0000] {logging_mixin.py:188} INFO - [2026-01-30T22:39:30.172+0000] {dag.py:3036} INFO - Sync 1 DAGs
[2026-01-30T22:39:30.190+0000] {logging_mixin.py:188} INFO - [2026-01-30T22:39:30.190+0000] {dag.py:3823} INFO - Setting next_dagrun for xml_to_mysql_etl to 2026-01-30 00:00:00+00:00, run_after=2026-01-31 00:00:00+00:00
[2026-01-30T22:39:30.219+0000] {processor.py:183} INFO - Processing /opt/airflow/dags/DAG_urbania.py took 0.120 seconds
[2026-01-30T22:40:01.165+0000] {processor.py:161} INFO - Started process (PID=1186) to work on /opt/airflow/dags/DAG_urbania.py
[2026-01-30T22:40:01.167+0000] {processor.py:830} INFO - Processing file /opt/airflow/dags/DAG_urbania.py for tasks to queue
[2026-01-30T22:40:01.168+0000] {logging_mixin.py:188} INFO - [2026-01-30T22:40:01.168+0000] {dagbag.py:538} INFO - Filling up the DagBag from /opt/airflow/dags/DAG_urbania.py
[2026-01-30T22:40:01.194+0000] {processor.py:840} INFO - DAG(s) 'xml_to_mysql_etl' retrieved from /opt/airflow/dags/DAG_urbania.py
[2026-01-30T22:40:01.251+0000] {logging_mixin.py:188} INFO - [2026-01-30T22:40:01.251+0000] {dag.py:3036} INFO - Sync 1 DAGs
[2026-01-30T22:40:01.279+0000] {logging_mixin.py:188} INFO - [2026-01-30T22:40:01.278+0000] {dag.py:3823} INFO - Setting next_dagrun for xml_to_mysql_etl to 2026-01-30 00:00:00+00:00, run_after=2026-01-31 00:00:00+00:00
[2026-01-30T22:40:01.306+0000] {processor.py:183} INFO - Processing /opt/airflow/dags/DAG_urbania.py took 0.145 seconds
[2026-01-30T22:40:33.147+0000] {processor.py:161} INFO - Started process (PID=1191) to work on /opt/airflow/dags/DAG_urbania.py
[2026-01-30T22:40:33.149+0000] {processor.py:830} INFO - Processing file /opt/airflow/dags/DAG_urbania.py for tasks to queue
[2026-01-30T22:40:33.150+0000] {logging_mixin.py:188} INFO - [2026-01-30T22:40:33.150+0000] {dagbag.py:538} INFO - Filling up the DagBag from /opt/airflow/dags/DAG_urbania.py
[2026-01-30T22:40:33.172+0000] {processor.py:840} INFO - DAG(s) 'xml_to_mysql_etl' retrieved from /opt/airflow/dags/DAG_urbania.py
[2026-01-30T22:40:33.226+0000] {logging_mixin.py:188} INFO - [2026-01-30T22:40:33.226+0000] {dag.py:3036} INFO - Sync 1 DAGs
[2026-01-30T22:40:33.249+0000] {logging_mixin.py:188} INFO - [2026-01-30T22:40:33.249+0000] {dag.py:3823} INFO - Setting next_dagrun for xml_to_mysql_etl to 2026-01-30 00:00:00+00:00, run_after=2026-01-31 00:00:00+00:00
[2026-01-30T22:40:33.276+0000] {processor.py:183} INFO - Processing /opt/airflow/dags/DAG_urbania.py took 0.133 seconds
[2026-01-30T22:41:05.279+0000] {processor.py:161} INFO - Started process (PID=1196) to work on /opt/airflow/dags/DAG_urbania.py
[2026-01-30T22:41:05.280+0000] {processor.py:830} INFO - Processing file /opt/airflow/dags/DAG_urbania.py for tasks to queue
[2026-01-30T22:41:05.281+0000] {logging_mixin.py:188} INFO - [2026-01-30T22:41:05.280+0000] {dagbag.py:538} INFO - Filling up the DagBag from /opt/airflow/dags/DAG_urbania.py
[2026-01-30T22:41:05.301+0000] {processor.py:840} INFO - DAG(s) 'xml_to_mysql_etl' retrieved from /opt/airflow/dags/DAG_urbania.py
[2026-01-30T22:41:05.345+0000] {logging_mixin.py:188} INFO - [2026-01-30T22:41:05.345+0000] {dag.py:3036} INFO - Sync 1 DAGs
[2026-01-30T22:41:05.363+0000] {logging_mixin.py:188} INFO - [2026-01-30T22:41:05.363+0000] {dag.py:3823} INFO - Setting next_dagrun for xml_to_mysql_etl to 2026-01-30 00:00:00+00:00, run_after=2026-01-31 00:00:00+00:00
[2026-01-30T22:41:05.383+0000] {processor.py:183} INFO - Processing /opt/airflow/dags/DAG_urbania.py took 0.106 seconds
[2026-01-30T22:41:37.296+0000] {processor.py:161} INFO - Started process (PID=1201) to work on /opt/airflow/dags/DAG_urbania.py
[2026-01-30T22:41:37.296+0000] {processor.py:830} INFO - Processing file /opt/airflow/dags/DAG_urbania.py for tasks to queue
[2026-01-30T22:41:37.297+0000] {logging_mixin.py:188} INFO - [2026-01-30T22:41:37.297+0000] {dagbag.py:538} INFO - Filling up the DagBag from /opt/airflow/dags/DAG_urbania.py
[2026-01-30T22:41:37.316+0000] {processor.py:840} INFO - DAG(s) 'xml_to_mysql_etl' retrieved from /opt/airflow/dags/DAG_urbania.py
[2026-01-30T22:41:37.360+0000] {logging_mixin.py:188} INFO - [2026-01-30T22:41:37.360+0000] {dag.py:3036} INFO - Sync 1 DAGs
[2026-01-30T22:41:37.379+0000] {logging_mixin.py:188} INFO - [2026-01-30T22:41:37.378+0000] {dag.py:3823} INFO - Setting next_dagrun for xml_to_mysql_etl to 2026-01-30 00:00:00+00:00, run_after=2026-01-31 00:00:00+00:00
[2026-01-30T22:41:37.398+0000] {processor.py:183} INFO - Processing /opt/airflow/dags/DAG_urbania.py took 0.105 seconds
[2026-01-30T22:42:09.317+0000] {processor.py:161} INFO - Started process (PID=1206) to work on /opt/airflow/dags/DAG_urbania.py
[2026-01-30T22:42:09.318+0000] {processor.py:830} INFO - Processing file /opt/airflow/dags/DAG_urbania.py for tasks to queue
[2026-01-30T22:42:09.319+0000] {logging_mixin.py:188} INFO - [2026-01-30T22:42:09.319+0000] {dagbag.py:538} INFO - Filling up the DagBag from /opt/airflow/dags/DAG_urbania.py
[2026-01-30T22:42:09.340+0000] {processor.py:840} INFO - DAG(s) 'xml_to_mysql_etl' retrieved from /opt/airflow/dags/DAG_urbania.py
[2026-01-30T22:42:09.385+0000] {logging_mixin.py:188} INFO - [2026-01-30T22:42:09.385+0000] {dag.py:3036} INFO - Sync 1 DAGs
[2026-01-30T22:42:09.404+0000] {logging_mixin.py:188} INFO - [2026-01-30T22:42:09.404+0000] {dag.py:3823} INFO - Setting next_dagrun for xml_to_mysql_etl to 2026-01-30 00:00:00+00:00, run_after=2026-01-31 00:00:00+00:00
[2026-01-30T22:42:09.425+0000] {processor.py:183} INFO - Processing /opt/airflow/dags/DAG_urbania.py took 0.110 seconds
[2026-01-30T22:42:40.427+0000] {processor.py:161} INFO - Started process (PID=1211) to work on /opt/airflow/dags/DAG_urbania.py
[2026-01-30T22:42:40.428+0000] {processor.py:830} INFO - Processing file /opt/airflow/dags/DAG_urbania.py for tasks to queue
[2026-01-30T22:42:40.429+0000] {logging_mixin.py:188} INFO - [2026-01-30T22:42:40.429+0000] {dagbag.py:538} INFO - Filling up the DagBag from /opt/airflow/dags/DAG_urbania.py
[2026-01-30T22:42:40.450+0000] {processor.py:840} INFO - DAG(s) 'xml_to_mysql_etl' retrieved from /opt/airflow/dags/DAG_urbania.py
[2026-01-30T22:42:40.629+0000] {logging_mixin.py:188} INFO - [2026-01-30T22:42:40.629+0000] {dag.py:3036} INFO - Sync 1 DAGs
[2026-01-30T22:42:40.636+0000] {logging_mixin.py:188} INFO - [2026-01-30T22:42:40.636+0000] {dag.py:3058} INFO - Creating ORM DAG for xml_to_mysql_etl
[2026-01-30T22:42:40.645+0000] {logging_mixin.py:188} INFO - [2026-01-30T22:42:40.645+0000] {dag.py:3823} INFO - Setting next_dagrun for xml_to_mysql_etl to 2026-01-29 00:00:00+00:00, run_after=2026-01-30 00:00:00+00:00
[2026-01-30T22:42:40.671+0000] {processor.py:183} INFO - Processing /opt/airflow/dags/DAG_urbania.py took 0.248 seconds
[2026-01-30T22:43:12.409+0000] {processor.py:161} INFO - Started process (PID=1216) to work on /opt/airflow/dags/DAG_urbania.py
[2026-01-30T22:43:12.410+0000] {processor.py:830} INFO - Processing file /opt/airflow/dags/DAG_urbania.py for tasks to queue
[2026-01-30T22:43:12.411+0000] {logging_mixin.py:188} INFO - [2026-01-30T22:43:12.411+0000] {dagbag.py:538} INFO - Filling up the DagBag from /opt/airflow/dags/DAG_urbania.py
[2026-01-30T22:43:12.432+0000] {processor.py:840} INFO - DAG(s) 'xml_to_mysql_etl' retrieved from /opt/airflow/dags/DAG_urbania.py
[2026-01-30T22:43:12.478+0000] {logging_mixin.py:188} INFO - [2026-01-30T22:43:12.478+0000] {dag.py:3036} INFO - Sync 1 DAGs
[2026-01-30T22:43:12.496+0000] {logging_mixin.py:188} INFO - [2026-01-30T22:43:12.496+0000] {dag.py:3823} INFO - Setting next_dagrun for xml_to_mysql_etl to 2026-01-29 00:00:00+00:00, run_after=2026-01-30 00:00:00+00:00
[2026-01-30T22:43:12.516+0000] {processor.py:183} INFO - Processing /opt/airflow/dags/DAG_urbania.py took 0.110 seconds
